path,library,zone,integrity_state,checksum
"/Volumes/bad/FINAL_LIBRARY/G_DUPEGURU/MUSIC/Quarantine/D/[Unknown Artist]/(XXXX) [Unknown Album]/X - (XXXX) [Unknown Album] - 00. (15).flac",bad,suspect,corrupt,NOT_SCANNED
"/Volumes/bad/FINAL_LIBRARY/G_DUPEGURU/MUSIC/Quarantine/D/[Unknown Artist]/(XXXX) [Unknown Album]/X - (XXXX) [Unknown Album] - 00. (17).flac",bad,suspect,corrupt,NOT_SCANNED
"/Volumes/bad/FINAL_LIBRARY/G_DUPEGURU/MUSIC/Quarantine/D/[Unknown Artist]/(XXXX) [Unknown Album]/X - (XXXX) [Unknown Album] - 00. (18).flac",bad,suspect,corrupt,NOT_SCANNED
"/Volumes/bad/FINAL_LIBRARY/G_DUPEGURU/MUSIC/Quarantine/D/[Unknown Artist]/(XXXX) [Unknown Album]/X - (XXXX) [Unknown Album] - 00. (19).flac",bad,suspect,corrupt,NOT_SCANNED
/Volumes/bad/FINAL_LIBRARY/G_DUPEGURU/QUARANTINE_AUTO_GLOBAL/Volumes/sad/MUSIC/_quarantine_bad_flacs/0080556.flac,bad,suspect,corrupt,NOT_SCANNED
"/Volumes/bad/FINAL_LIBRARY/G_DUPEGURU/QUARANTINE_AUTO_GLOBAL/Volumes/sad/MUSIC/_quarantine_bad_flacs/CAKE - (2004) Pressure Chief - 06. The Guitar Man.flac",bad,suspect,corrupt,NOT_SCANNED
"/Volumes/bad/FINAL_LIBRARY/G_DUPEGURU/QUARANTINE_AUTO_GLOBAL/Volumes/sad/MUSIC/_quarantine_bad_flacs/Cannonball Adderley - (2021) Somethin' Else - 01. Autumn Leaves.flac",bad,suspect,corrupt,NOT_SCANNED
"/Volumes/bad/FINAL_LIBRARY/MUSIC/Quarantine/Dupeguru/D/Dominic Fike/(2018) Don't Forget About Me, Demos EP/Dominic Fike - (2018) Don't Forget About Me, Demos EP - 01. 3 Nights.flac",bad,suspect,corrupt,NOT_SCANNED
"/Volumes/bad/FINAL_LIBRARY/Unknown Artist/XXXX Unknown Album/X - XXXX Unknown Album - 00. Unknown Title.flac",bad,suspect,corrupt,NOT_SCANNED
/Volumes/bad/_ALL_FLACS_FLAT/0080556.flac,bad,suspect,corrupt,NOT_SCANNED
"/Volumes/bad/_ALL_FLACS_FLAT/CAKE - (2004) Pressure Chief - 06. The Guitar Man.flac",bad,suspect,corrupt,NOT_SCANNED
"/Volumes/bad/_ALL_FLACS_FLAT/Cannonball Adderley - (2021) Somethin' Else - 01. Autumn Leaves.flac",bad,suspect,corrupt,NOT_SCANNED
"/Volumes/bad/_ALL_FLACS_FLAT/X - (XXXX) [Unknown Album] - 00. (15).flac",bad,suspect,corrupt,NOT_SCANNED
"/Volumes/bad/_ALL_FLACS_FLAT/X - (XXXX) [Unknown Album] - 00. (17).flac",bad,suspect,corrupt,NOT_SCANNED
"/Volumes/bad/_ALL_FLACS_FLAT/X - (XXXX) [Unknown Album] - 00. (18).flac",bad,suspect,corrupt,NOT_SCANNED
"/Volumes/bad/_ALL_FLACS_FLAT/X - (XXXX) [Unknown Album] - 00. (19).flac",bad,suspect,corrupt,NOT_SCANNED
"/Volumes/bad/_ALL_FLACS_FLAT/X - XXXX Unknown Album - 00. Unknown Title.flac",bad,suspect,corrupt,NOT_SCANNED
"/Volumes/RECOVERY_TARGET/Root/FINAL_LIBRARY/ANOHNI and the Johnsons/(2005) I Am A Bird Now/ANOHNI and the Johnsons - (2005) I Am a Bird Now - 07. Fistful of Love.flac",recovery,,,db992f4405209e7207826a9827fa01e077ba15893e7931995ae976067d0a8fdf
"/Volumes/RECOVERY_TARGET/Root/FINAL_LIBRARY/ATB/(1999) Movin' Melodies/ATB - (1999) Movin' Melodies - 15. 9 PM (Till I Come) (Signum remix).flac",recovery,,,c4da6fcd6d74a52dce2ddcbb6daf57845b525b0613f54a950a3f47246f1f0b85
"/Volumes/RECOVERY_TARGET/Root/FINAL_LIBRARY/AURORA/(2024) What Happened to the Heart?/AURORA - (2024) What Happened to the Heart? - 03. Your Blood.flac",recovery,,,ec07cb91b663941a403705303c90f1b384a61208368ea66ecb39e0967a297ce1
"/Volumes/RECOVERY_TARGET/Root/FINAL_LIBRARY/Alanis Morissette/(1998) Supposed Former Infatuation Junkie/Alanis Morissette - (1998) Supposed Former Infatuation Junkie - 09. UR.flac",recovery,,,5e0fc9bb759005fbb43191ac690890057969dc5fe530e41f8e1bcbaf2272fe3c
"/Volumes/RECOVERY_TARGET/Root/FINAL_LIBRARY/Alanis Morissette/(1998) Supposed Former Infatuation Junkie/Alanis Morissette - (1998) Supposed Former Infatuation Junkie - 11. One.flac",recovery,,,30f0bb1fb2496e26667eb4a0cfbcc91cee0167cd220fb40faeaec32590e3c593
"/Volumes/RECOVERY_TARGET/Root/FINAL_LIBRARY/Alanis Morissette/(1998) Supposed Former Infatuation Junkie/Alanis Morissette - (1998) Supposed Former Infatuation Junkie - 12. Would Not Come.flac",recovery,,,ec7819eafeeedc7a996cc8ca543a4d2a8e2010205db1c6057580b6fda14404a6
"/Volumes/RECOVERY_TARGET/Root/FINAL_LIBRARY/Alanis Morissette/(1998) Supposed Former Infatuation Junkie/Alanis Morissette - (1998) Supposed Former Infatuation Junkie - 13. Unsent.flac",recovery,,,e738cad84674223dd9f18c89c4ca6cfd513cbdb75293dce92d4d3d6f8ed887d6
"/Volumes/RECOVERY_TARGET/Root/FINAL_LIBRARY/Alanis Morissette/(1998) Supposed Former Infatuation Junkie/Alanis Morissette - (1998) Supposed Former Infatuation Junkie - 14. So Pure.flac",recovery,,,755b4e8dfe48ddced06d37da2903d9dbc2d558c1251f5bc52eb7131724e15c4c
"/Volumes/RECOVERY_TARGET/Root/FINAL_LIBRARY/Alanis Morissette/(2008) Feast on Scraps/Alanis Morissette - (2008) Feast on Scraps - 02. Bent for You.flac",recovery,,,7a316a6ad06e1482f33e31cab5913d243243093eeb5ffa31fb3aa62130078806
"/Volumes/RECOVERY_TARGET/Root/FINAL_LIBRARY/Alanis Morissette/(2015) Jagged Little Pill (collector's edition)/Alanis Morissette - (2015) Jagged Little Pill (collector's edition) - 11. Head Over Feet.flac",recovery,,,6161e7b6cf19867a894ff84c02d0ece5f3f8c5158967179d088532829ac2a9ab
"/Volumes/RECOVERY_TARGET/Root/FINAL_LIBRARY/Alanis Morissette/(2015) Jagged Little Pill (collector's edition)/Alanis Morissette - (2015) Jagged Little Pill (collector's edition) - 14. The Bottom Line.flac",recovery,,,b56f986c4dda5e9694ddf1c49f6a13e12d652a8a4c4360612f432c078daa7fa5
"/Volumes/RECOVERY_TARGET/Root/FINAL_LIBRARY/Alanis Morissette/(2015) Jagged Little Pill (collector's edition)/Alanis Morissette - (2015) Jagged Little Pill (collector's edition) - 15. Superstar Wonderful Weirdos.flac",recovery,,,b3711dd8507e175ebd57cc226fb8aa16dfe9e001f6df3103fe61f15822a2c23e
"/Volumes/RECOVERY_TARGET/Root/FINAL_LIBRARY/Alanis Morissette/(2015) Jagged Little Pill (collector's edition)/Alanis Morissette - (2015) Jagged Little Pill (collector's edition) - 16. Closer Than You Might Believe.flac",recovery,,,899691cce2486fbc2222c4a57bccaeea93d86319126319a2bdc73245e8258bdf
"/Volumes/RECOVERY_TARGET/Root/FINAL_LIBRARY/Alanis Morissette/(2015) Jagged Little Pill (collector's edition)/Alanis Morissette - (2015) Jagged Little Pill (collector's edition) - 19. Gorgeous.flac",recovery,,,e9ca833688bda56c1a54ff69de452a7a7ad4a16e6f8e1772d32a09a896afb88c
"/Volumes/RECOVERY_TARGET/Root/FINAL_LIBRARY/Alanis Morissette/(2015) Jagged Little Pill (collector's edition)/Alanis Morissette - (2015) Jagged Little Pill (collector's edition) - 20. King of Intimidation.flac",recovery,,,f87ca20db362681b5d9801234b1a4ad9b0370d013a2cfd955372ba45cfb9ea0f
"/Volumes/RECOVERY_TARGET/Root/FINAL_LIBRARY/Alanis Morissette/(2015) Jagged Little Pill (collector's edition)/Alanis Morissette - (2015) Jagged Little Pill (collector's edition) - 23. These Are the Thoughts.flac",recovery,,,fb47b00bf185a8f698ac7a32a4a7024daebc4f07ce58b5dec62381310f0725a9
"/Volumes/RECOVERY_TARGET/Root/FINAL_LIBRARY/Alanis Morissette/(2015) Jagged Little Pill (collector's edition)/Alanis Morissette - (2015) Jagged Little Pill (collector's edition) - 32. Mary Jane (acoustic version).flac",recovery,,,c87289d87657f93bd90fdb0d30844e18b30735bb10b786544d8affc2956aee8e
"/Volumes/RECOVERY_TARGET/Root/FINAL_LIBRARY/Alex Coollook/(2015) Cavo/Alex Coollook - (2015) Cavo - 01. Cavo.flac",recovery,,,9624535652a34292172d3ad02e248f96a969ab5944c48ce1b95de95fd2deff56
"/Volumes/RECOVERY_TARGET/Root/FINAL_LIBRARY/Alex Coollook/(2015) Cavo/Alex Coollook - (2015) Cavo - 02. Cavo (Nickolas & Gee Spice remix).flac",recovery,,,0362ee205a59c6b644d10bc62e2ff0776755c98a890df038dfd19ce957e72c1e
"/Volumes/RECOVERY_TARGET/Root/FINAL_LIBRARY/Alison Goldfrapp/(2025) Flux/Alison Goldfrapp - (2025) Flux - 02. Sound & Light.flac",recovery,,,175f39d3544abe45cacb349939fc1010ea4a3e744a78eb03cde86199adf19792
"/Volumes/RECOVERY_TARGET/Root/FINAL_LIBRARY/Alison Goldfrapp/(2025) Flux/Alison Goldfrapp - (2025) Flux - 06. Play It (Shine Like a Nova Star).flac",recovery,,,8520fbffade99321f239e5fa5df681f83bb956abc42e6e91ba1633ea6f8523ac
"/Volumes/RECOVERY_TARGET/Root/FINAL_LIBRARY/Alison Goldfrapp/(2025) Flux/Alison Goldfrapp - (2025) Flux - 07. Find Xanadu.flac",recovery,,,1bb0b371f784750db932e3fa415ae7ffd9823acaa857e8374abd7c758d390e62
"/Volumes/RECOVERY_TARGET/Root/FINAL_LIBRARY/Andre Crom ∕ Chris Carrier/(2011) Get Back to the Raw/Andre Crom ∕ Chris Carrier - (2011) Get Back to the Raw - 02. Calling.flac",recovery,,,c32db7fcf68bce24ac05a789f52657a8c7c7087c8ae4f1a854528a12e659a8bb
"/Volumes/RECOVERY_TARGET/Root/FINAL_LIBRARY/Andre Crom ∕ Chris Carrier/(2011) Get Back to the Raw/Andre Crom ∕ Chris Carrier - (2011) Get Back to the Raw - 03. Tainted Rose.flac",recovery,,,5415c028116c0b6f08da027a9d250d3906961441dee987abe119fa842855a7a6
"/Volumes/RECOVERY_TARGET/Root/FINAL_LIBRARY/Andre Crom ∕ Chris Carrier/(2011) Get Back to the Raw/Andre Crom ∕ Chris Carrier - (2011) Get Back to the Raw - 07. What We Do Today.flac",recovery,,,28182539c0af30fc67ba06e0478c13ae2ee1f86db9bbffc60ea5c1e6490ef2cb
"/Volumes/RECOVERY_TARGET/Root/FINAL_LIBRARY/Andre Crom ∕ Chris Carrier/(2011) Get Back to the Raw/Andre Crom ∕ Chris Carrier - (2011) Get Back to the Raw - 08. Everywhere.flac",recovery,,,ddc1cbfb7f31202216d12ad4cb2c2b4442c201024566e63ef39311f48b919871
"/Volumes/RECOVERY_TARGET/Root/FINAL_LIBRARY/Andrew Bird/(2024) Sunday Morning Put-On/Andrew Bird - (2024) Sunday Morning Put-On - 08. Softly, as in a Morning Sunrise.flac",recovery,,,4a8a4ec5523bce6dc5ab7f16a6d3a86152ac72ebd11b4b24d81cd5bac42f854c
"/Volumes/RECOVERY_TARGET/Root/FINAL_LIBRARY/Anouar Brahem, Anja Lechner, Django Bates & Dave Holland/(2025) After the Last Sky/Anouar Brahem, Anja Lechner, Django Bates & Dave Holland - (2025) After the Last Sky - 01. Remembering Hind.flac",recovery,,,86e3bc9ef23e667ce0f4a9429b92d4c1a5b1ab57bccecedd61b6b473843f8739
"/Volumes/RECOVERY_TARGET/Root/FINAL_LIBRARY/Anouar Brahem, Anja Lechner, Django Bates & Dave Holland/(2025) After the Last Sky/Anouar Brahem, Anja Lechner, Django Bates & Dave Holland - (2025) After the Last Sky - 04. The Eternal Olive Tree.flac",recovery,,,78f9dda9f40d0116aad0139407a1448e023a05093e479a4662a57e9be52f5e34
"/Volumes/RECOVERY_TARGET/Root/FINAL_LIBRARY/Anouar Brahem, Anja Lechner, Django Bates & Dave Holland/(2025) After the Last Sky/Anouar Brahem, Anja Lechner, Django Bates & Dave Holland - (2025) After the Last Sky - 06. In the Shade of Your Eyes.flac",recovery,,,e6a2c1df8a4a411f72e1064b949d123fb4e0b09e8548f0d052d6fa9dd3fa4858
"/Volumes/RECOVERY_TARGET/Root/FINAL_LIBRARY/Anouar Brahem, Anja Lechner, Django Bates & Dave Holland/(2025) After the Last Sky/Anouar Brahem, Anja Lechner, Django Bates & Dave Holland - (2025) After the Last Sky - 07. Dancing Under the Meteorites.flac",recovery,,,9e13f64352b82f13c003037e34f1d513cbe49148e894c44de95aa166365d5ec1
"/Volumes/RECOVERY_TARGET/Root/FINAL_LIBRARY/Arctic Monkeys/(2006) Whatever People Say I Am, That's What I'm Not/Arctic Monkeys - (2006) Whatever People Say I Am, That's Wha__83e3fb49.flac",recovery,,,caa4e11635609075c3bfb456529818e41b6d6e39e92baa040444f295c97ee03f
"/Volumes/RECOVERY_TARGET/Root/FINAL_LIBRARY/Arctic Monkeys/(2006) Whatever People Say I Am, That's What I'm Not/Arctic Monkeys - (2006) Whatever People Say I Am, That's What I'm Not - 01. The View From the Afternoon.flac",recovery,,,dfc44c04782eeee8444661edce2529b9caaa802b1a730bcdfd97251a88b11285
"/Volumes/RECOVERY_TARGET/Root/FINAL_LIBRARY/Arctic Monkeys/(2006) Whatever People Say I Am, That's What I'm Not/Arctic Monkeys - (2006) Whatever People Say I Am, That's What I'm Not - 02. I Bet You Look Good on the Dancefloor.flac",recovery,,,7d414c381831ace2478d8fddf8d57eabff8be8cb7ccce2df894a53d57aadf87e
"/Volumes/RECOVERY_TARGET/Root/FINAL_LIBRARY/Arctic Monkeys/(2006) Whatever People Say I Am, That's What I'm Not/Arctic Monkeys - (2006) Whatever People Say I Am, That's What I'm Not - 03. Fake Tales of San Francisco.flac",recovery,,,68dc6a3a2a7b73f55235618fea598fae538408579e10c6320b5a77b266b8f815
"/Volumes/RECOVERY_TARGET/Root/FINAL_LIBRARY/Arctic Monkeys/(2006) Whatever People Say I Am, That's What I'm Not/Arctic Monkeys - (2006) Whatever People Say I Am, That's What I'm Not - 08. Red Light Indicates Doors Are Secured.flac",recovery,,,e8e9d322d8f42411a359d31ff611fe90ab127cd35042ee78b836984ac4613597
"/Volumes/RECOVERY_TARGET/Root/FINAL_LIBRARY/Arctic Monkeys/(2006) Whatever People Say I Am, That's What I'm Not/Arctic Monkeys - (2006) Whatever People Say I Am, That's What I'm Not - 09. Mardy Bum.flac",recovery,,,52641e0072f8abddb402cebcbf56281e89e6fc321d2288320e7c07cfa15e9a58
"/Volumes/RECOVERY_TARGET/Root/FINAL_LIBRARY/Arctic Monkeys/(2006) Whatever People Say I Am, That's What I'm Not/Arctic Monkeys - (2006) Whatever People Say I Am, That's What I'm Not - 10. Perhaps Vampires Is a Bit Strong But.flac",recovery,,,4eaf1306e129d3de9391c62ce7f7bfc95ea83e00dcc96bea731e5ed0580b8640
"/Volumes/RECOVERY_TARGET/Root/FINAL_LIBRARY/Aron Volta & Dj Steaw/(2022) Split EP1 - EP/Aron Volta & Dj Steaw - (2022) Split EP1 - EP - 04. Cosmic Dream.flac",recovery,,,edf32543266ace8d7e7d91edac466c411f350b26d7cb737405a716cfc1877f4a
"/Volumes/RECOVERY_TARGET/Root/FINAL_LIBRARY/BC Camplight/(2015) How To Die in the North/BC Camplight - (2015) How To Die in the North - 03. Just Because I Love You.flac",recovery,,,782a9e5ec9f4e2a3266e55820c68afdb0ac39c0341b0546c119dc482e9dc8ff8
"/Volumes/RECOVERY_TARGET/Root/FINAL_LIBRARY/BC Camplight/(2015) How To Die in the North/BC Camplight - (2015) How To Die in the North - 04. Grim Cinema.flac",recovery,,,73c4f441bf495d32f7224bbb25ebefbe5d035fb243344525891dfea2710dc09c
"/Volumes/RECOVERY_TARGET/Root/FINAL_LIBRARY/BC Camplight/(2015) How To Die in the North/BC Camplight - (2015) How To Die in the North - 05. Good Morning Headache.flac",recovery,,,cfddc212244d1e0c8900c1c240beb97f3037a7a6fb5f2d224f1dd5ccd06311f3
"/Volumes/RECOVERY_TARGET/Root/FINAL_LIBRARY/BC Camplight/(2015) How To Die in the North/BC Camplight - (2015) How To Die in the North - 06. Thieves in Antigua.flac",recovery,,,270a9e76b04f85a37ff169d8f305bd9ef6c0d8efae1f7ac1c0de7c9edae086f2
"/Volumes/RECOVERY_TARGET/Root/FINAL_LIBRARY/BC Camplight/(2015) How To Die in the North/BC Camplight - (2015) How To Die in the North - 08. Lay Me on the Floor.flac",recovery,,,b5972bd2e7097145f87467f5fa4f5c41210fe683f4ca8e46424b5e1dec2a9cfe
"/Volumes/RECOVERY_TARGET/Root/FINAL_LIBRARY/BC Camplight/(2018) Deportation Blues/BC Camplight - (2018) Deportation Blues - 03. Hell or Pennsylvania.flac",recovery,,,ff73e1d306a347a299e635bb2f0ae5d24eabe783fe9d99f554b1738479822274
"/Volumes/RECOVERY_TARGET/Root/FINAL_LIBRARY/BC Camplight/(2018) Deportation Blues/BC Camplight - (2018) Deportation Blues - 04. I'm Desperate.flac",recovery,,,0bb92e6dff7ad75c52638ed098518740974d3d2f3fb8a8c4762f19969359fdd1
"/Volumes/RECOVERY_TARGET/Root/FINAL_LIBRARY/BC Camplight/(2018) Deportation Blues/BC Camplight - (2018) Deportation Blues - 07. Midnight Ease.flac",recovery,,,6fc9030944bafa6ea8a7fba3a58279c1a0823136add7e8f3116db13af5985cc1
"/Volumes/RECOVERY_TARGET/Root/FINAL_LIBRARY/BC Camplight/(2018) Deportation Blues/BC Camplight - (2018) Deportation Blues - 08. Fire in England.flac",recovery,,,8025d5ae2526bd4e13fc47e6b158bd2e7e295c4093a1c60b75ca35e76ce09459
"/Volumes/RECOVERY_TARGET/Root/FINAL_LIBRARY/BC Camplight/(2020) Shortly After Takeoff/BC Camplight - (2020) Shortly After Takeoff - 04. Cemetery Lifestyle.flac",recovery,,,21cef3c7a703561533a2ffc9e2ba1958b38d47ac6b4034c821f16be091c6b145
"/Volumes/RECOVERY_TARGET/Root/FINAL_LIBRARY/BC Camplight/(2020) Shortly After Takeoff/BC Camplight - (2020) Shortly After Takeoff - 05. I Want to Be in the Mafia.flac",recovery,,,9357c0f3dfe870644a3caef65beed3cf2e3fefab14c0eaee2c8fdad5161d59e9
"/Volumes/RECOVERY_TARGET/Root/FINAL_LIBRARY/BC Camplight/(2020) Shortly After Takeoff/BC Camplight - (2020) Shortly After Takeoff - 08. Born to Cruise.flac",recovery,,,6834a98edec8ba447fb5cc11e83a52cec31daf4ff280068d757b922c76cb2399
"/Volumes/RECOVERY_TARGET/Root/FINAL_LIBRARY/BC Camplight/(2023) The Last Rotation of Earth/BC Camplight - (2023) The Last Rotation of Earth - 01. The Last Rotation of Earth.flac",recovery,,,57161eb85efa93ad6f26107c66bde9f152094e866056dae457d83e25eff45a84
"/Volumes/RECOVERY_TARGET/Root/FINAL_LIBRARY/BC Camplight/(2023) The Last Rotation of Earth/BC Camplight - (2023) The Last Rotation of Earth - 06. Fear꞉ Life in a Dozen Years.flac",recovery,,,23db960d07649ce1f00d2c0acebe2023eb8a3f8d09517de66e7480219cf80370
"/Volumes/RECOVERY_TARGET/Root/FINAL_LIBRARY/Bad Business Club/(2019) Letters from Phnom Penh/Bad Business Club - (2019) Letters from Phnom Penh - 01. Letters from Phnom Penh (Keep Me in Your Heart Remix).flac",recovery,,,f8f739ced56197800d8fbcec11c3b46e1cfdcb6e7b60fe1fe0307c54322bf390
"/Volumes/RECOVERY_TARGET/Root/FINAL_LIBRARY/Bad Sounds/(2022) Escaping from a Violent Time, Vol. 2/Bad Sounds - (2022) Escaping from a Violent Time, Vol. 2 - 02. You Move Backwards.flac",recovery,,,75fe74aa38122f14f1f00d63220ebc491538e3a628774f91fb4c11d791a464a1
"/Volumes/RECOVERY_TARGET/Root/FINAL_LIBRARY/Bag Raiders/(2010) Bag Raiders/Bag Raiders - (2010) Bag Raiders - 01. Castles In The Air.flac",recovery,,,97b9200d57808b2e34e325f74e029960f5fc7014c34fdf9755ef17ebafd3c1e0
"/Volumes/RECOVERY_TARGET/Root/FINAL_LIBRARY/Bag Raiders/(2010) Bag Raiders/Bag Raiders - (2010) Bag Raiders - 03. Shooting Stars.flac",recovery,,,6edc630b9ca31961ee020ef18cfdedc3be444e8b2e2269521cd89d45213502e9
"/Volumes/RECOVERY_TARGET/Root/FINAL_LIBRARY/Bag Raiders/(2010) Bag Raiders/Bag Raiders - (2010) Bag Raiders - 05. Gone Away.flac",recovery,,,9ee8071863394a62ce02c83f6ca0eac3ee6a8cc093a1a7a29b4295418e44c092
"/Volumes/RECOVERY_TARGET/Root/FINAL_LIBRARY/Bag Raiders/(2010) Bag Raiders/Bag Raiders - (2010) Bag Raiders - 07. Not Over.flac",recovery,,,683fb5c6a300be00d252a8c8d424fcd4a1ba1cb1451469c79d5ecbc075fc2cba
"/Volumes/RECOVERY_TARGET/Root/FINAL_LIBRARY/Bag Raiders/(2010) Bag Raiders/Bag Raiders - (2010) Bag Raiders - 10. Golden Wings.flac",recovery,,,18907cfc944244e43b4209241de14949049621730a4ef57c2934e33dd7d372b1
"/Volumes/RECOVERY_TARGET/Root/FINAL_LIBRARY/Bag Raiders/(2010) Bag Raiders/Bag Raiders - (2010) Bag Raiders - 11. Way Back Home.flac",recovery,,,f96467549956dca7e0a1702b8bfff07ba4a64e8bb4c63b4fe6418b8b8a022791
"/Volumes/RECOVERY_TARGET/Root/FINAL_LIBRARY/Bag Raiders/(2010) Bag Raiders/Bag Raiders - (2010) Bag Raiders - 13. Sunlight (Tiedye remix).flac",recovery,,,7c16485607d00ee476786d3e4016d9e472390f5fc849578d4b4a1908b3613528
"/Volumes/RECOVERY_TARGET/Root/FINAL_LIBRARY/Bag Raiders/(2010) Bag Raiders/Bag Raiders - (2010) Bag Raiders - 18. Way Back Home (club version).flac",recovery,,,c990438e43467f79d3b947832aa8da11d1ae0f385deba6e74e7d713c97246da8
"/Volumes/RECOVERY_TARGET/Root/FINAL_LIBRARY/Bag Raiders/(2010) Bag Raiders/Bag Raiders - (2010) Bag Raiders - 19. Shooting Stars (Siriusmo remix).flac",recovery,,,1786c89f0b22bb2cdaac8e215ff94151bd10c6dbfbdab3c01a8fd8b42f762285
"/Volumes/RECOVERY_TARGET/Root/FINAL_LIBRARY/Bag Raiders/(2010) Bag Raiders/Bag Raiders - (2010) Bag Raiders - 22. Way Back Home (Harvard Bass remix).flac",recovery,,,cb14729cba256157191050ce7230e7e9403f18852507496e407a92dfb9baf299
"/Volumes/RECOVERY_TARGET/Root/FINAL_LIBRARY/Bag Raiders/(2010) Bag Raiders/Bag Raiders - (2010) Bag Raiders - 23. Not Over (Eli Escobar remix).flac",recovery,,,2d9ecf16d790c9235f7cf0bfc6d8029aed872581151180d903a5e36a054d597d
"/Volumes/RECOVERY_TARGET/Root/FINAL_LIBRARY/Barbagallo/(2024) Garde-fou/Barbagallo - (2024) Garde-fou - 06. Pas de destin, pas de hasard.flac",recovery,,,c20fb4863fc2172fee11ec3145b6ed0fb3c3bdac3cb331050eb0b232dd43f5f7
"/Volumes/RECOVERY_TARGET/Root/FINAL_LIBRARY/Barbagallo/(2024) Garde-fou/Barbagallo - (2024) Garde-fou - 09. La mort d'un roi.flac",recovery,,,97017a7a93e703449fb165021f551a2003b75e709edfead3beb9b7564d6e7e26
"/Volumes/RECOVERY_TARGET/Root/FINAL_LIBRARY/Bedtime Beats/(2022) Spectrals - EP/Bedtime Beats - (2022) Spectrals - EP - 01. Dark Side of My Room.flac",recovery,,,e29d8d05d0e0f13c488bfe5474add388de5ddfdbc3661d00bfb2a14be25bdc1b
"/Volumes/RECOVERY_TARGET/Root/FINAL_LIBRARY/Beirut/(2007) The Flying Club Cup/Beirut - (2007) The Flying Club Cup - 08. Forks and Knives (La Fête).flac",recovery,,,556cf7484e043c89345de3d3cd583b6096d7cb0e8764a9e09dfc4336b4b59ae3
"/Volumes/RECOVERY_TARGET/Root/FINAL_LIBRARY/Beirut/(2025) A Study of Losses/Beirut - (2025) A Study of Losses - 07. Mare Imbrium.flac",recovery,,,227463e97c00b4388f5807296ee923059c895a98a5cd2d6d77208c2765396562
"/Volumes/RECOVERY_TARGET/Root/FINAL_LIBRARY/Belle Epoque/(1977) Miss Broadway/Belle Epoque - (1977) Miss Broadway - 03. Losing You.flac",recovery,,,af527854e81d2afb133a0d1d410faf071890c2b7137831bac0ae3d19ffdb8ed3
"/Volumes/RECOVERY_TARGET/Root/FINAL_LIBRARY/Bert Jansch/(2015) Bert Jansch/Bert Jansch - (2015) Bert Jansch - 04. I Have No Time.flac",recovery,,,4032e7027dea8ae91f815ee4b38333c7af0703abb7778a6627299476ba8ef83e
"/Volumes/RECOVERY_TARGET/Root/FINAL_LIBRARY/Bicep/(2025) CHROMA 010/Bicep - (2025) CHROMA 010 - 02. CHROMA 009 KR36.flac",recovery,,,acc71d18a53ae0fc9e6b88a880302cd554c290ce2c3c6feac907b0b1a6505299
"/Volumes/RECOVERY_TARGET/Root/FINAL_LIBRARY/Big Mama Thornton/(1989) Ball n' Chain/Big Mama Thornton - (1989) Ball n' Chain - 01. Sweet Little Angel.flac",recovery,,,87788f0d4e9d1d92f3f8d57ad7e07a6fba61614cdb93fdb599730ce54f923f83
"/Volumes/RECOVERY_TARGET/Root/FINAL_LIBRARY/Black Country, New Road/(2025) Forever Howlong/Black Country, New Road - (2025) Forever Howlong - 02. The Big Spin.flac",recovery,,,cf51aec0797aac3203439b8f06910ad2f84f9f93b2039f94ebcb4ea8b5c78df2
"/Volumes/RECOVERY_TARGET/Root/FINAL_LIBRARY/Black Country, New Road/(2025) Forever Howlong/Black Country, New Road - (2025) Forever Howlong - 05. Two Horses.flac",recovery,,,d3bec5e96a0d7f8165a42ac93ba8ca9cd927a8deacde7fb91f508a3a912ebd22
"/Volumes/RECOVERY_TARGET/Root/FINAL_LIBRARY/Black Country, New Road/(2025) Forever Howlong/Black Country, New Road - (2025) Forever Howlong - 07. Happy Birthday.flac",recovery,,,a26fb0d249cafd6686bf8e77b1714bf9169c74976aa41d032b00ed1d01de7923
"/Volumes/RECOVERY_TARGET/Root/FINAL_LIBRARY/Black Country, New Road/(2025) Forever Howlong/Black Country, New Road - (2025) Forever Howlong - 08. For the Cold Country.flac",recovery,,,32200a37420fe23b3e1fec608b3b9793f682f7a8aac3fbf7dcb9bd62036bfbae
"/Volumes/RECOVERY_TARGET/Root/FINAL_LIBRARY/Black Country, New Road/(2025) Forever Howlong/Black Country, New Road - (2025) Forever Howlong - 09. Nancy Tries to Take the Night.flac",recovery,,,65e0287be3d6cda560e5eceac606af0eebbd32d22274787e2f46109de116498e
"/Volumes/RECOVERY_TARGET/Root/FINAL_LIBRARY/Black Country, New Road/(2025) Forever Howlong/Black Country, New Road - (2025) Forever Howlong - 10. Forever Howlong.flac",recovery,,,67524d0844640ba8e9cbdd02a0492b870cf9ddba84c761bbdb8d49ddcc584795
"/Volumes/RECOVERY_TARGET/Root/FINAL_LIBRARY/Blood Orange/(2013) Cupid Deluxe/Blood Orange - (2013) Cupid Deluxe - 02. You're Not Good Enough.flac",recovery,,,876427d0390cc92a11b99c19ca74724ce2453edbf062a2e76f0b8373b696a401
"/Volumes/RECOVERY_TARGET/Root/FINAL_LIBRARY/Blood Orange/(2013) Cupid Deluxe/Blood Orange - (2013) Cupid Deluxe - 07. Clipped On.flac",recovery,,,4de070a519c852c0b0d07dcbc828bf0a7ebeb92ecc7593520fda809ee6fb6bcd
"/Volumes/RECOVERY_TARGET/Root/FINAL_LIBRARY/Blood Orange/(2013) Cupid Deluxe/Blood Orange - (2013) Cupid Deluxe - 08. Always Let U Down.flac",recovery,,,6358731f97b70038fda97558ee31fdd853a8f3dbf95f934c0628ed7f8cebec20
"/Volumes/RECOVERY_TARGET/Root/FINAL_LIBRARY/Blood Orange/(2013) Cupid Deluxe/Blood Orange - (2013) Cupid Deluxe - 09. On the Line.flac",recovery,,,8b9885a423cb904a5cc9b5c434b035cf5c45ab0df17f0e4c33e1a90b2f551b50
"/Volumes/RECOVERY_TARGET/Root/FINAL_LIBRARY/Blur/(2014) Parklife/Blur - (2014) Parklife - 07. The Debt Collector.flac",recovery,,,a117e15f44ed3fd1203e66ea5067e1765d1303a817151d6bde77b6823107ed5d
"/Volumes/RECOVERY_TARGET/Root/FINAL_LIBRARY/Blur/(2014) Parklife/Blur - (2014) Parklife - 14. Jubilee.flac",recovery,,,c8da6cc87fd5ecabffb2631f951f988658e592602f2f349daa64e4e6fb46ab07
"/Volumes/RECOVERY_TARGET/Root/FINAL_LIBRARY/Bon Entendeur/(2019) Aller-retour/Bon Entendeur - (2019) Aller-retour - 03. Vive Nous.flac",recovery,,,d7db5459de89f8ee50ae0b346673d355744710b7f084635b8b6cbccbb9f7ceb2
"/Volumes/RECOVERY_TARGET/Root/FINAL_LIBRARY/Bon Entendeur/(2019) Aller-retour/Bon Entendeur - (2019) Aller-retour - 04. Le temps est bon.flac",recovery,,,c92ef90e158b862d423738e6cf11f5c97f7227ceb4c1f7dd1efaae2cec6e7cde
"/Volumes/RECOVERY_TARGET/Root/FINAL_LIBRARY/Bon Entendeur/(2019) Aller-retour/Bon Entendeur - (2019) Aller-retour - 05. La Rua Madueira.flac",recovery,,,f98c02c4ea9423a2e233d9df63c268739ac0f400e529703cfaa0ae3f96cbd592
"/Volumes/RECOVERY_TARGET/Root/FINAL_LIBRARY/Bon Entendeur/(2019) Aller-retour/Bon Entendeur - (2019) Aller-retour - 13. Love is blue.flac",recovery,,,fe2bd102128ac3a231f33947cdb9ae53e22c80530579ff479e1398044cd3644f
"/Volumes/RECOVERY_TARGET/Root/FINAL_LIBRARY/Bonobo feat. Rhye/(2017) Migration/Bonobo feat. Rhye - (2017) Migration - 02. Break Apart.flac",recovery,,,67b38e1676eeb108eaad36747143f7a8a2a9dd36b111766e5158bc7709fb37e9
"/Volumes/RECOVERY_TARGET/Root/FINAL_LIBRARY/Bonobo/(2013) The North Borders/Bonobo - (2013) The North Borders - 09. Know You.flac",recovery,,,7bef3690899dfb5cf14ac03a7e362c55b07129449ca53c21cecf24101861fefe
"/Volumes/RECOVERY_TARGET/Root/FINAL_LIBRARY/Booka Shade/(2025) For Real/Booka Shade - (2025) For Real - 02. Electric Birds.flac",recovery,,,624a157eb64cd024a0a3c44bb513070a612e8ed2c7e1f18983ebe0ba6e7a2814
"/Volumes/RECOVERY_TARGET/Root/FINAL_LIBRARY/Booka Shade/(2025) For Real/Booka Shade - (2025) For Real - 05. P.I.N. 4 (edit).flac",recovery,,,82c5dafbc99d48453cfac43218254901625d3c7d690bb6195a6793209f64a4b5
"/Volumes/RECOVERY_TARGET/Root/FINAL_LIBRARY/Booka Shade/(2025) For Real/Booka Shade - (2025) For Real - 07. Virtual Face.flac",recovery,,,ddea5bd8b9da777e561926b78b980c43a6b658fa21b2479f324ef2a20986c599
"/Volumes/RECOVERY_TARGET/Root/FINAL_LIBRARY/Booka Shade/(2025) For Real/Booka Shade - (2025) For Real - 08. (Neon Lights) They Glow.flac",recovery,,,2d8de45f2be395fa935bc30324276e24d6113dc9701ba7d2b5551c144b73fd67
"/Volumes/RECOVERY_TARGET/Root/FINAL_LIBRARY/Boris Brejcha/(2014) Feuerfalter - Special Edition/Boris Brejcha - (2014) Feuerfalter - Special Edition - 01. Puki.flac",recovery,,,39a20443497e1c71d23cd71cea58b8dcd71358303ed23a24c53a87c78f447ed0
"/Volumes/RECOVERY_TARGET/Root/FINAL_LIBRARY/Boris Brejcha/(2014) Feuerfalter - Special Edition/Boris Brejcha - (2014) Feuerfalter - Special Edition - 04. Spacecraft to Mars.flac",recovery,,,cdd8eddcf8fc95e123eb2c68fff50de5f299d6dfa1ba5d125125ff3db3940a97
"/Volumes/RECOVERY_TARGET/Root/FINAL_LIBRARY/Boris Brejcha/(2014) Feuerfalter - Special Edition/Boris Brejcha - (2014) Feuerfalter - Special Edition - 04. The Madness.flac",recovery,,,41dd6ebd9eace05207c731f4390112d085f4e48c9d267c1d6bf2b8b3c0485a8a
"/Volumes/RECOVERY_TARGET/Root/FINAL_LIBRARY/Boris Brejcha/(2014) Feuerfalter - Special Edition/Boris Brejcha - (2014) Feuerfalter - Special Edition - 05. I Will Blast Your Mind.flac",recovery,,,5a05fd469304775e53e1e36bbd4626fa8397e934d0826b33c56b82a669d72c02
"/Volumes/RECOVERY_TARGET/Root/FINAL_LIBRARY/Boris Brejcha/(2014) Feuerfalter - Special Edition/Boris Brejcha - (2014) Feuerfalter - Special Edition - 06. Paniklevel.flac",recovery,,,66d0085e76ac99af3ca17f22cde09a4b1a347395bf9b1ed4f550fd6afb714d2f
"/Volumes/RECOVERY_TARGET/Root/FINAL_LIBRARY/Boris Brejcha/(2014) Feuerfalter - Special Edition/Boris Brejcha - (2014) Feuerfalter - Special Edition - 06. Vampire.flac",recovery,,,f476c288198245ef69f49b7dc68689b93aef4bd3a7f3bee46a25cafb00d6dc81
"/Volumes/RECOVERY_TARGET/Root/FINAL_LIBRARY/Boris Brejcha/(2014) Feuerfalter - Special Edition/Boris Brejcha - (2014) Feuerfalter - Special Edition - 08. Tonight꞉ Freak Out.flac",recovery,,,17ed78e4518af08013ccacaabaad3db2a3a9d6216a77fe9975c890a002b9aeac
"/Volumes/RECOVERY_TARGET/Root/FINAL_LIBRARY/Boris Brejcha/(2014) Feuerfalter - Special Edition/Boris Brejcha - (2014) Feuerfalter - Special Edition - 09. In Memory of Love.flac",recovery,,,5f6514c036e9ce71e173862c2e2479760b07bc9f0caedadd9444796494d71859
"/Volumes/RECOVERY_TARGET/Root/FINAL_LIBRARY/Boris Brejcha/(2020) Space Diver/Boris Brejcha - (2020) Space Diver - 05. Space Diver.flac",recovery,,,9c50154f86727a3e3ae57653bae93e09c75461aa0d390e93605f661103bb805c
"/Volumes/RECOVERY_TARGET/Root/FINAL_LIBRARY/Boris Brejcha/(2020) Space Diver/Boris Brejcha - (2020) Space Diver - 07. Blue Lake.flac",recovery,,,f2b90af750fa3ee158482bc0994f9e83fbf0a88d20de3f5adb2a20fdd47d0f00
"/Volumes/RECOVERY_TARGET/Root/FINAL_LIBRARY/Boris Brejcha/(2020) Space Diver/Boris Brejcha - (2020) Space Diver - 08. Take It Smart.flac",recovery,,,31af96c4b6c727ed7ba5f8970d866a1605f27123e386c1bd41aaf03ee9b8ded1
"/Volumes/RECOVERY_TARGET/Root/FINAL_LIBRARY/Boris Brejcha/(2020) Space Diver/Boris Brejcha - (2020) Space Diver - 10. The Troublemakerz.flac",recovery,,,b958dbc8e6ea1f3d9d2fbcbed1e92593f44622b04904f72d0c80804cfbecf3d0
"/Volumes/RECOVERY_TARGET/Root/FINAL_LIBRARY/Boris Brejcha/(2021) Never Stop Dancing/Boris Brejcha - (2021) Never Stop Dancing - 04. Twisted Reality.flac",recovery,,,4086535fc83328ea51c22dd18c7b4c0adf03d49ecf97a3899a206beb7d9a2472
"/Volumes/RECOVERY_TARGET/Root/FINAL_LIBRARY/Boris Brejcha/(2021) Never Stop Dancing/Boris Brejcha - (2021) Never Stop Dancing - 07. Hold Your Speakers.flac",recovery,,,c837490f1102df31fcd4f9c8dd4d23043a13f89fd506f2c1f57b31a3f2700351
"/Volumes/RECOVERY_TARGET/Root/FINAL_LIBRARY/Brian D'Addario/(2025) Till the Morning/Brian D'Addario - (2025) Till the Morning - 09. What You Are Is Beautiful.flac",recovery,,,9044e294de8a5055a82e5788a5754cbe06c9207e8d0c403c43a6766bfb8544ca
"/Volumes/RECOVERY_TARGET/Root/FINAL_LIBRARY/Build an Ark/(2024) Revision꞉ An Anthology/Build an Ark - (2024) Revision꞉ An Anthology - 02. You Gotta Have Freedom.flac",recovery,,,941cadf97d57deb38467ef784c9d10593d160e12162669b3ef6f0c3c642dafe7
"/Volumes/RECOVERY_TARGET/Root/FINAL_LIBRARY/CAKE/(2022) Fashion Nugget (deluxe edition)/CAKE - (2022) Fashion Nugget (deluxe edition) - 04. Open Book.flac",recovery,,,423e235b74c2110df4c6b3197dc655f466f29eae7e704c473d5692e5214275a6
"/Volumes/RECOVERY_TARGET/Root/FINAL_LIBRARY/CAKE/(2022) Fashion Nugget (deluxe edition)/CAKE - (2022) Fashion Nugget (deluxe edition) - 10. It's Coming Down.flac",recovery,,,f416b81441d66f8225bc7b6f04341db9f43ee192cb13526c6019629a45adcb28
"/Volumes/RECOVERY_TARGET/Root/FINAL_LIBRARY/Carl Craig & Moritz von Oswald/(2008) ReComposed/Carl Craig & Moritz von Oswald - (2008) ReComposed - 03. Movement 2.flac",recovery,,,6033ebba6f4a5aced86b3140ef1c71f3c7819e3fb44cab6709f053e489313529
"/Volumes/RECOVERY_TARGET/Root/FINAL_LIBRARY/Cass McCombs/(2025) Interior Live Oak/Cass McCombs - (2025) Interior Live Oak - 04. Miss Mabee.flac",recovery,,,6e2c99402ec7a9d9971914b128e1e764683e368ed572377a5880b91167ff1441
"/Volumes/RECOVERY_TARGET/Root/FINAL_LIBRARY/Cass McCombs/(2025) Interior Live Oak/Cass McCombs - (2025) Interior Live Oak - 05. Home at Last.flac",recovery,,,08eba9d98cc6fdca8109be9f6d18c68545bb414ff3c5565e40484558d64e97a8
"/Volumes/RECOVERY_TARGET/Root/FINAL_LIBRARY/Cass McCombs/(2025) Interior Live Oak/Cass McCombs - (2025) Interior Live Oak - 08. A Girl Named Dogie.flac",recovery,,,3812dd64b985cd5da6bfd4f6acb6494e58931f8d19b0d22dd9844f65f217bfce
"/Volumes/RECOVERY_TARGET/Root/FINAL_LIBRARY/Cass McCombs/(2025) Interior Live Oak/Cass McCombs - (2025) Interior Live Oak - 14. Diamonds in the Mine.flac",recovery,,,a3f5a14c666e89e6df8c75348f9240ed3a9bee4071a14eada0601c4867e28ede
"/Volumes/RECOVERY_TARGET/Root/FINAL_LIBRARY/Cass McCombs/(2025) Interior Live Oak/Cass McCombs - (2025) Interior Live Oak - 15. Strawberry Moon.flac",recovery,,,f8ee51bc37a14182c61d5e60ae12b1738b301e3b9e6be7ddcfe889deb46db8e3
"/Volumes/RECOVERY_TARGET/Root/FINAL_LIBRARY/Charlotte de Witte/(2023) Power of Thought EP/Charlotte de Witte - (2023) Power of Thought EP - 02. Pria.flac",recovery,,,01e121e9a1319f6883f7a6faf1a7532346db400bf5c1eed91220f2ba37afa41e
"/Volumes/RECOVERY_TARGET/Root/FINAL_LIBRARY/Clio & Kay/(2022) Singles Collection/Clio & Kay - (2022) Singles Collection - 01. What Goes Up (Prod. by Roberto Ferrante - 2022 Remaster).flac",recovery,,,cb54944bb4f0f9632637797c0467ab03620b917eeb77a73aebaf2af8d33279d4
"/Volumes/RECOVERY_TARGET/Root/FINAL_LIBRARY/DJ Shadow/(2005) Endtroducing/DJ Shadow - (2005) Endtroducing - 11. Midnight in a Perfect World.flac",recovery,,,39065c33d25d3c46ca4515fb5fccc7106672fb94353644ca8f4cff53d05bc924
"/Volumes/RECOVERY_TARGET/Root/FINAL_LIBRARY/David August/(2019) Elysian Fields EP/David August - (2019) Elysian Fields EP - 01. Florence (Rafael Anton Irisarri Deconstruction).flac",recovery,,,ec4cd3b3be624ed335d76da77bcbcb416586409cbbc8b3f555f3be7c7ed2e341
"/Volumes/RECOVERY_TARGET/Root/FINAL_LIBRARY/Deadmau5/(2014) while(1<2)/deadmau5 - (2014) while(1<2) - 16. Silent Picture.flac",recovery,,,b70373a377e5b2ce883f3f635cca1c13402251e78f69271aeb5c7b7cb3572c9b
"/Volumes/RECOVERY_TARGET/Root/FINAL_LIBRARY/Disclosure/(2020) Expressing What Matters/Disclosure - (2020) Expressing What Matters - 01. Expressing What Matters.flac",recovery,,,4e28ad453e4de9b529a3a740c9331fc8a2798ff4aeece3bdea67e36b56a54585
"/Volumes/RECOVERY_TARGET/Root/FINAL_LIBRARY/Flight Facilities/(2021) FOREVER/Flight Facilities - (2021) FOREVER - 01. Lights Up.flac",recovery,,,7a9b1227d76b7403d59c09bfbddbd0229be29a70cdb27b9bb41af3a83c30ae56
"/Volumes/RECOVERY_TARGET/Root/FINAL_LIBRARY/Flying Lotus/(2008) Los Angeles/Flying Lotus - (2008) Los Angeles - 10. GNG BNG.flac",recovery,,,6e8731f8fc9326d055331bf0ad470005b1d73c591667baf97fc7b2faad2ceb05
"/Volumes/RECOVERY_TARGET/Root/FINAL_LIBRARY/Gabriel Ananda/(2022) Glitter and Litter/Gabriel Ananda - (2022) Glitter and Litter - 01. Glitter and Litter.flac",recovery,,,ef9aa028a0cec44e45ebe022eaa535afd721870819f3221eb8aa71ecf271fe7a
"/Volumes/RECOVERY_TARGET/Root/FINAL_LIBRARY/Geowulf feat. Pêtr Aleksänder/(2018) Saltwater For Strings/Geowulf feat. Pêtr Aleksänder - (2018) Saltwater For Strings - 01. Saltwater For Strings (reimagined by Pêtr Aleksänder)__a9bd3778.flac",recovery,,,61926c876676eaa4c70feb44a2c9e671e0f34235e8e4758bff52efaf6721e930
"/Volumes/RECOVERY_TARGET/Root/FINAL_LIBRARY/Ike & Tina Turner/(2016) Workin' Together/Ike & Tina Turner - (2016) Workin' Together - 09. Proud Mary.flac",recovery,,,f0fcaf5b4276775131d28d8050cef5d72e0af5a29294123b43ed24c26d6d9d8f
"/Volumes/RECOVERY_TARGET/Root/FINAL_LIBRARY/James Blake & Endel/(2022) Wind Down/James Blake & Endel - (2022) Wind Down - 07. 7th Soundscape.flac",recovery,,,c89699f1c6e2c62ad9c5d2b8a6841689c34a85649523d09f0e4ba783262faa31
"/Volumes/RECOVERY_TARGET/Root/FINAL_LIBRARY/James Blake/(2011) James Blake/James Blake - (2011) James Blake - 08. Give Me My Month.flac",recovery,,,e0d5a8a4cd2870b644b2e598ed95a8988e036e37f79ea97d1b164f44bf017882
"/Volumes/RECOVERY_TARGET/Root/FINAL_LIBRARY/James Braun & Troels Abrahamsen/(2014) DJ-Kicks꞉ Brandt Brauer Frick/James Braun & Troels Abrahamsen - (2014) DJ-Kicks꞉ Brandt Brauer Frick - 18. Wooden Knuckles.flac",recovery,,,a9d087a6ccde7d2fd126dc107cb7b37e8cdd689b632b387f3e4ebbd805bf7993
"/Volumes/RECOVERY_TARGET/Root/FINAL_LIBRARY/Johann Sebastian Bach; András Schiff/(2005) Goldberg Variations, BWV 988/Johann Sebastian Bach; András Schiff - (2005) Goldberg Variations, BWV 988 - 05. Goldberg Variations, BWV 988꞉ Variations 21 - 25.flac",recovery,,,910dec8c3782e3822dc981615925ba23c89acb386f7e6317f5cf8a50dc728070
"/Volumes/RECOVERY_TARGET/Root/FINAL_LIBRARY/Johann Sebastian Bach; Angela Hewitt/(2000) Goldberg Variations/Johann Sebastian Bach; Angela Hewitt - (2000) Goldberg Variations - 04. Goldberg Variations, BWV 988꞉ Variation 3.flac",recovery,,,b3c8d08ce42968beefa05fb1d7726219cc95aaa4dca46e6ebb63dfe4f0807d05
"/Volumes/RECOVERY_TARGET/Root/FINAL_LIBRARY/Johann Sebastian Bach; Angela Hewitt/(2000) Goldberg Variations/Johann Sebastian Bach; Angela Hewitt - (2000) Goldberg Variations - 06. Goldberg Variations, BWV 988꞉ Variation 5.flac",recovery,,,26652494236a9bba27ca28f5ee4e73d41695b7ee7fd036f31da42e6cf3d6e646
"/Volumes/RECOVERY_TARGET/Root/FINAL_LIBRARY/Johann Sebastian Bach; Angela Hewitt/(2000) Goldberg Variations/Johann Sebastian Bach; Angela Hewitt - (2000) Goldberg Variations - 12. Goldberg Variations, BWV 988꞉ Variation 11.flac",recovery,,,b2074e6eb6b69269e39d256f4864d4072c80f2c107f1370f552fc2953769cdf8
"/Volumes/RECOVERY_TARGET/Root/FINAL_LIBRARY/Johann Sebastian Bach; Angela Hewitt/(2000) Goldberg Variations/Johann Sebastian Bach; Angela Hewitt - (2000) Goldberg Variations - 14. Goldberg Variations, BWV 988꞉ Variation 13.flac",recovery,,,3310a3ecc8098e882904acfd18cfa91e6eb9b97150bf47595453c00af22cc5ba
"/Volumes/RECOVERY_TARGET/Root/FINAL_LIBRARY/Johann Sebastian Bach; Angela Hewitt/(2000) Goldberg Variations/Johann Sebastian Bach; Angela Hewitt - (2000) Goldberg Variations - 15. Goldberg Variations, BWV 988꞉ Variation 14.flac",recovery,,,a7338ac164204641c991098844d99e9c7622bf4d78892b03204bda27b4483935
"/Volumes/RECOVERY_TARGET/Root/FINAL_LIBRARY/Johann Sebastian Bach; Angela Hewitt/(2000) Goldberg Variations/Johann Sebastian Bach; Angela Hewitt - (2000) Goldberg Variations - 16. Goldberg Variations, BWV 988꞉ Variation 15.flac",recovery,,,0d177027ab90a360de68bbdf57ff9ab731a7cca18e1f2fac420a46ae1db82dba
"/Volumes/RECOVERY_TARGET/Root/FINAL_LIBRARY/Johann Sebastian Bach; Angela Hewitt/(2000) Goldberg Variations/Johann Sebastian Bach; Angela Hewitt - (2000) Goldberg Variations - 17. Goldberg Variations, BWV 988꞉ Variation 16.flac",recovery,,,a56b4fb34c4ef298a252cc973b4d65618da2dae4f6654ad705625f95a64eba53
"/Volumes/RECOVERY_TARGET/Root/FINAL_LIBRARY/Johann Sebastian Bach; Angela Hewitt/(2000) Goldberg Variations/Johann Sebastian Bach; Angela Hewitt - (2000) Goldberg Variations - 19. Goldberg Variations, BWV 988꞉ Variation 18.flac",recovery,,,1637f1b4c9ca6c2ed4636a55576b8a96071ef33010f51616c49c01dde318fbc6
"/Volumes/RECOVERY_TARGET/Root/FINAL_LIBRARY/Johann Sebastian Bach; Angela Hewitt/(2000) Goldberg Variations/Johann Sebastian Bach; Angela Hewitt - (2000) Goldberg Variations - 24. Goldberg Variations, BWV 988꞉ Variation 23.flac",recovery,,,f9da0d258b5a5ab29de1a9713e607796b853c662d284eb4ce4e450b7b8db438a
"/Volumes/RECOVERY_TARGET/Root/FINAL_LIBRARY/Johann Sebastian Bach; Angela Hewitt/(2000) Goldberg Variations/Johann Sebastian Bach; Angela Hewitt - (2000) Goldberg Variations - 26. Goldberg Variations, BWV 988꞉ Variation 25.flac",recovery,,,90100d06fd643802738f9f0093e78bb28624503dec279f42692eca40ef510849
"/Volumes/RECOVERY_TARGET/Root/FINAL_LIBRARY/Johann Sebastian Bach; Angela Hewitt/(2000) Goldberg Variations/Johann Sebastian Bach; Angela Hewitt - (2000) Goldberg Variations - 27. Goldberg Variations, BWV 988꞉ Variation 26.flac",recovery,,,1e1dec835e688d7630093fff2c1adee9ac224d3a92c51a5b22f21a6242166a4b
"/Volumes/RECOVERY_TARGET/Root/FINAL_LIBRARY/Johann Sebastian Bach; Angela Hewitt/(2016) Goldberg Variations/Johann Sebastian Bach; Angela Hewitt - (2016) Goldberg Variations - 08. Goldberg Variations, BWV 988꞉ Variation 7.flac",recovery,,,1f3d55d707c8dab1106666041d8937673ddc6e3c8d9144484d5cedc70ecc51be
"/Volumes/RECOVERY_TARGET/Root/FINAL_LIBRARY/Johann Sebastian Bach; Angela Hewitt/(2016) Goldberg Variations/Johann Sebastian Bach; Angela Hewitt - (2016) Goldberg Variations - 09. Goldberg Variations, BWV 988꞉ Variation 8.flac",recovery,,,af17942d3a64469659f9c06f4dff7e43de4ffd2cd8221bcf098952854cbeb0bb
"/Volumes/RECOVERY_TARGET/Root/FINAL_LIBRARY/Johann Sebastian Bach; Angela Hewitt/(2016) Goldberg Variations/Johann Sebastian Bach; Angela Hewitt - (2016) Goldberg Variations - 18. Goldberg Variations, BWV 988꞉ Variation 17.flac",recovery,,,89b6b10c042b848cf0bf848f48f47b68433001c636055c8ea1768fd25bab7a50
"/Volumes/RECOVERY_TARGET/Root/FINAL_LIBRARY/Johann Sebastian Bach; Angela Hewitt/(2016) Goldberg Variations/Johann Sebastian Bach; Angela Hewitt - (2016) Goldberg Variations - 23. Goldberg Variations, BWV 988꞉ Variation 22.flac",recovery,,,3afb17efa435164cdee7f7cf75b22027d22606fa882a143d0b92891c7a407c92
"/Volumes/RECOVERY_TARGET/Root/FINAL_LIBRARY/Johann Sebastian Bach; Angela Hewitt/(2016) Goldberg Variations/Johann Sebastian Bach; Angela Hewitt - (2016) Goldberg Variations - 29. Goldberg Variations, BWV 988꞉ Variation 28.flac",recovery,,,766ca1e63f566548eac3e1f1faf3b783040227a3da25485b009e5574c9b2d6c8
"/Volumes/RECOVERY_TARGET/Root/FINAL_LIBRARY/Johann Sebastian Bach; Bob van Asperen/(1999) Harpsichord Concertos/Johann Sebastian Bach; Bob van Asperen - (1999) Harpsichord Concertos - 08. Concerto in D major, BWV 1054꞉ II. Adagio e piano sempre.flac",recovery,,,63e0efb70701d51092d55023fbc274736100d1546e7e92561dcdd623449080aa
"/Volumes/RECOVERY_TARGET/Root/FINAL_LIBRARY/Johann Sebastian Bach; Bob van Asperen/(1999) Harpsichord Concertos/Johann Sebastian Bach; Bob van Asperen - (1999) Harpsichord Concertos - 09. Concerto in D major, BWV 1054꞉ III. Allegro.flac",recovery,,,572d40484e0d541c647cdd4e8679db9070fffc513390497e0c4491d9727e4d56
"/Volumes/RECOVERY_TARGET/Root/FINAL_LIBRARY/Johann Sebastian Bach; Bob van Asperen/(1999) Harpsichord Concertos/Johann Sebastian Bach; Bob van Asperen - (1999) Harpsichord Concertos - 12. Concerto in A major, BWV 1055꞉ III. Allegro ma non tanto.flac",recovery,,,5dbb28326ba717401a5bb0a393552f77a18a64635439b2cb0e894cc439eb16c5
"/Volumes/RECOVERY_TARGET/Root/FINAL_LIBRARY/Johann Sebastian Bach; Fazıl Say/(2022) Goldberg Variations, BWV 988/Johann Sebastian Bach; Fazıl Say - (2022) Goldberg Variations, BWV 988 - 18. Goldberg Variations, BWV 988꞉ Variation XVII.flac",recovery,,,bfe6e3aa2d78449a78360ae3900c7361e9782d253599d619030af8d6c7b0e664
"/Volumes/RECOVERY_TARGET/Root/FINAL_LIBRARY/Johann Sebastian Bach; Fazıl Say/(2022) Goldberg Variations, BWV 988/Johann Sebastian Bach; Fazıl Say - (2022) Goldberg Variations, BWV 988 - 27. Goldberg Variations, BWV 988꞉ Variation XXVI.flac",recovery,,,0f05e6d805c3cefe0ce1508fe5be90282eda264dd7aded1d046f6c3d125eb610
"/Volumes/RECOVERY_TARGET/Root/FINAL_LIBRARY/Johann Sebastian Bach; Fazıl Say/(2022) Goldberg Variations, BWV 988/Johann Sebastian Bach; Fazıl Say - (2022) Goldberg Variations, BWV 988 - 29. Goldberg Variations, BWV 988꞉ Variation XXVIII.flac",recovery,,,77184a3b48c5785988e2a692aab6967181a793de1c2e1c1ffa6691abd7add801
"/Volumes/RECOVERY_TARGET/Root/FINAL_LIBRARY/Johann Sebastian Bach; Fazıl Say/(2022) Goldberg Variations, BWV 988/Johann Sebastian Bach; Fazıl Say - (2022) Goldberg Variations, BWV 988 - 30. Goldberg Variations, BWV 988꞉ Variation XXIX.flac",recovery,,,9cfe26daf06c567a2467e73cad8b2a31bad5216d8dcac821ea866848609ab7ad
"/Volumes/RECOVERY_TARGET/Root/FINAL_LIBRARY/Johann Sebastian Bach; Glenn Gould/(1982) The Goldberg Variations/Johann Sebastian Bach; Glenn Gould - (1982) The Goldberg Variations - 29. Goldberg Variations, BWV 988꞉ XXIX. Variatio 28 a 2 clav.flac",recovery,,,697ea5b0d0909e9ccf8fc58d76f41177f5399d12696ebe7ec314b424aa7be1bf
"/Volumes/RECOVERY_TARGET/Root/FINAL_LIBRARY/Johann Sebastian Bach; Isabelle Faust, Academy for Ancient Music Berlin, Bernhard Forck, Xenia Löffler/(2019) Violin Concertos ∕ Sinfonias ∕ Overture ∕ Sonatas/Johann Sebastian Bach; Isabelle Faust, Academy for Ancient M__95729611.flac",recovery,,,51c2d6bba6f500d247f7a021f288246e2adec2838b84030addbf83cd4489ebeb
"/Volumes/RECOVERY_TARGET/Root/FINAL_LIBRARY/Johann Sebastian Bach; Lang Lang/(2021) Goldberg Variations (extended edition)/Johann Sebastian Bach; Lang Lang - (2021) Goldberg Variation__4fccb6ff.flac",recovery,,,7e07846871145e991a5a00c09788d21dd7b855dd693e15374f7925a5b180b428
"/Volumes/RECOVERY_TARGET/Root/FINAL_LIBRARY/Johann Sebastian Bach; Tatiana Nikolayeva/(1992) Die Kunst der Fuge (The Art of Fugue)/Johann Sebastian Bach; Tatiana Nikolayeva - (1992) Die Kunst__c0c64981.flac",recovery,,,d35721bc87a1a3a65f83c64e56b15482274acfe30c4a5d331306d8cdb7dc35ee
"/Volumes/RECOVERY_TARGET/Root/FINAL_LIBRARY/Johann Sebastian Bach; Víkingur Ólafsson/(2023) Goldberg Variations/Johann Sebastian Bach; Víkingur Ólafsson - (2023) Goldberg Variations - 29. Goldberg Variations, BWV 988꞉ Variato 28 a 2 Clav.flac",recovery,,,855be84febb927d2ea4df7e6793789a3eaa51385b4912b16c5814b211a190627
"/Volumes/RECOVERY_TARGET/Root/FINAL_LIBRARY/Johann Sebastian Bach; Wilhelm Kempff/(1994) Goldberg-Variationen/Johann Sebastian Bach; Wilhelm Kempff - (1994) Goldberg-Variationen - 27. Goldberg-Variationen, BWV 988꞉ Variatio 26 a 2 Clav.flac",recovery,,,171b6b3e6135d2a670e76c98bde21d786f6304ef50b67b3d2a18d9d9db4ed401
"/Volumes/RECOVERY_TARGET/Root/FINAL_LIBRARY/John Heaven/(2023) Nouminimal/John Heaven - (2023) Nouminimal - 04. Vocalsita.flac",recovery,,,44847967eaf60f0e39deac14ea09b870a45373a5040cadda83fb122766ff52c7
"/Volumes/RECOVERY_TARGET/Root/FINAL_LIBRARY/Led Zeppelin/(2016) The Complete BBC Sessions/Led Zeppelin - (2016) The Complete BBC Sessions - 03. Dazed and Confused (10∕8∕69 Playhouse Theatre).flac",recovery,,,0f683d8b6c934ae8c8fd6ca0b56519ef29731bb1acf739b1c45fc049665775f6
"/Volumes/RECOVERY_TARGET/Root/FINAL_LIBRARY/Nation of Language & Joe Goddard/(2022) Across That Fine Line (Joe Goddard Remix) (single)/Nation of Language & Joe Goddard - (2022) Across That Fine L__962f196a.flac",recovery,,,bf9a0044e06bc39ec54d96a8f2795e87860e3d666f820642e6c64ba1c58fa2ba
"/Volumes/RECOVERY_TARGET/Root/FINAL_LIBRARY/Navid Izadi/(2013) Feelin' Purple EP/Navid Izadi - (2013) Feelin' Purple EP - 02. Feelin' Purple (Soul Clap remix).flac",recovery,,,59f3b5360b3030f80101f18da095f7fa9c5ea1afd9dc9b7726cf6b0e426a9b6f
"/Volumes/RECOVERY_TARGET/Root/FINAL_LIBRARY/One Piece/(2013) New World (single)/One Piece - (2013) New World (single) - 03. New World (Minimal Law remix).flac",recovery,,,7058696cf7309ff00ecbc58847c434cb4bc133842de4407ca7563f46043cb997
"/Volumes/RECOVERY_TARGET/Root/FINAL_LIBRARY/Parental Control & Le K/(2014) DJ-Kicks꞉ Brandt Brauer Frick/Parental Control & Le K - (2014) DJ-Kicks꞉ Brandt Brauer Frick - 09. Feel Like ∕ Abraz.flac",recovery,,,e7d3eb0c1d8401a08df6d67545a945351dee9a6d9e00f1aa0d4b42dfee5b2493
"/Volumes/RECOVERY_TARGET/Root/FINAL_LIBRARY/Pet Shop Boys/(2024) New London Boy ∕ All the Young Dudes (single)/Pet Shop Boys - (2024) New London Boy ∕ All the Young Dudes (single) - 02. All the Young Dudes.flac",recovery,,,f2f474c2f67fd7de981fefdddaea49bb99f19457f5fb6200630d64fdd535dfa9
"/Volumes/RECOVERY_TARGET/Root/FINAL_LIBRARY/Ricardo Villalobos & Jay Haze/(2008) Mellow Dee ∕ Sunday Prayer EP/Ricardo Villalobos & Jay Haze - (2008) Mellow Dee ∕ Sunday Prayer EP - 02. Sunday Prayer.flac",recovery,,,646aded9f13fb7c9b3b861f145ad4771a7ad9889cdb21c68fab0905781c8e742
"/Volumes/RECOVERY_TARGET/Root/FINAL_LIBRARY/Sébastien Tellier/(2016) In the Loop꞉ A Decade of Remixes/Sébastien Tellier - (2016) In the Loop꞉ A Decade of Remixes - 05. Kilometer (A-Trak Remix).flac",recovery,,,1b0cfd32f9c8ab59b54f74d33b43e14fef6068d76bdabe2fe30aeb8ecbe045e0
"/Volumes/RECOVERY_TARGET/Root/FINAL_LIBRARY/Silk City & Dua Lipa/(2018) Electricity (MK remix) (single)/Silk City & Dua Lipa - (2018) Electricity (MK remix) (single) - 01. Electricity (MK remix).flac",recovery,,,ecea16ed9e92b44f67c0af470e87ce0bd6842622da826403298056744b4ec618
"/Volumes/RECOVERY_TARGET/Root/FINAL_LIBRARY/Sparrow and the Workshop/(2009) Sleight of Hand EP/Sparrow and the Workshop - (2009) Sleight of Hand EP - 05. My Crime.flac",recovery,,,fc0295210f5178d5c6d9f8315f7e88e9937cd01f44552d8338d7c5fb7d8f1021
"/Volumes/RECOVERY_TARGET/Root/FINAL_LIBRARY/Tamer Nafar & Itamar Ziegler/(2017) Junction 48 (Original Motion Picture Soundtrack)/Tamer Nafar & Itamar Ziegler - (2017) Junction 48 (Original Motion Picture Soundtrack) - 03. ارض اجدادي.flac",recovery,,,d5c3e82503f841a0444513bd178ff9ffc154495a799ac6f6ac82652d5bff4825
"/Volumes/RECOVERY_TARGET/Root/FINAL_LIBRARY/Tamer Nafar & Itamar Ziegler/(2017) Junction 48 (Original Motion Picture Soundtrack)/Tamer Nafar & Itamar Ziegler - (2017) Junction 48 (Original Motion Picture Soundtrack) - 04. تعال معي (Come With Me).flac",recovery,,,bb525c5f2c98907c0cdf696c7e024c1455469412ae25da983bdfb989609a8043
"/Volumes/RECOVERY_TARGET/Root/FINAL_LIBRARY/Tamer Nafar & Itamar Ziegler/(2017) Junction 48 (Original Motion Picture Soundtrack)/Tamer Nafar & Itamar Ziegler - (2017) Junction 48 (Original Motion Picture Soundtrack) - 05. ارض اجدادي 2.flac",recovery,,,07a39aeb56938baffa088e6ff7f10f21a6db710a558febaf1307d782b9763514
"/Volumes/RECOVERY_TARGET/Root/FINAL_LIBRARY/The Corrs/(2001) Best of The Corrs/The Corrs - (2001) Best of The Corrs - 15. Everybody Hurts (MTV Unplugged version).flac",recovery,,,bdee480e144a05537998a15716176f4ca1513bbf2e476d5e161fbb619b28e4ac
"/Volumes/RECOVERY_TARGET/Root/FINAL_LIBRARY/The MFA/(2004) The Difference It Makes/The MFA - (2004) The Difference It Makes - 02. The Difference It Makes (Superpitcher mix).flac",recovery,,,daf859fe2e12cf5ea742d2375d7feddf5d71e702444db8f8cb6b51af6a5c7af9
"/Volumes/RECOVERY_TARGET/Root/FINAL_LIBRARY/The xx/(2013) Innervisions Remixes/The xx - (2013) Innervisions Remixes - 03. Fiction (Marcus Worgull remix).flac",recovery,,,39489a0daef19197eda41f6f783e6030c6b479b013aa800f61c60567fa8c6490
"/Volumes/RECOVERY_TARGET/Root/FINAL_LIBRARY/Tiger Stripes/(2025) Say Yeah EP - EP/Tiger Stripes - (2025) Say Yeah EP - EP - 01. Say Yeah.flac",recovery,,,540529b1752e2d4d326ea43a25aacea49c3a593d0cee99392058355741cf6dff
"/Volumes/RECOVERY_TARGET/Root/FINAL_LIBRARY/Tiger Stripes/(2025) Say Yeah EP - EP/Tiger Stripes - (2025) Say Yeah EP - EP - 02. J's Track.flac",recovery,,,b5a9f94afbccbde2604cc3bbb032e0cc894d77fa8053a9b97804d3b6a6e86de4
"/Volumes/RECOVERY_TARGET/Root/FINAL_LIBRARY/Tiger Stripes/(2025) Say Yeah EP - EP/Tiger Stripes - (2025) Say Yeah EP - EP - 03. A Tiger Never Loses it's Stripes.flac",recovery,,,2d9b28bd316a030f88c5c9b405878d9b6ff11339606ce91277c18e91b78f276f
"/Volumes/RECOVERY_TARGET/Root/FINAL_LIBRARY/Tweak/(2017) Bruce Lee (single)/Tweak - (2017) Bruce Lee (single) - 01. Bruce Lee.flac",recovery,,,f1fff7331746d52c229f48d7b72051c7a4b42a9251955836e4c2f1676ef0006e
"/Volumes/RECOVERY_TARGET/Root/FINAL_LIBRARY/Viken Arman/(2019) Willow EP/Viken Arman - (2019) Willow EP - 04. In My Dream.flac",recovery,,,78c0249e17b0647946d449f68baabade85acd407bd125da7ce13248b1f120bc3
"/Volumes/RECOVERY_TARGET/Root/FINAL_LIBRARY/Vive la Fête/(2022) Je Ne Veux Pas/Vive la Fête - (2022) Je Ne Veux Pas - 01. Je Ne Veux Pas (live).flac",recovery,,,2227a9cca5d49b1bf06007f82c1e1febe9241f24f69ed6546d070eaf9e0c5a21
"/Volumes/RECOVERY_TARGET/Root/FINAL_LIBRARY/WhoMadeWho/(2024) Kiss & Forget/WhoMadeWho - (2024) Kiss & Forget - 09. Children.flac",recovery,,,3f697d8d80dbbdb16d6989900dba5b739a8edf03a731342eb158c269075d5833
"/Volumes/RECOVERY_TARGET/Root/FINAL_LIBRARY/WhoMadeWho/(2024) Kiss & Forget/WhoMadeWho - (2024) Kiss & Forget - 13. Qualia.flac",recovery,,,5fd25fd62a2f65c86c22a7c38bb7eef91f933e00f326a5eefd60475e80d275d6
"/Volumes/RECOVERY_TARGET/Root/FINAL_LIBRARY/Zoot Woman/(2003) It's Automatic/Zoot Woman - (2003) It's Automatic - 01. It's Automatic (Cosmos radio edit).flac",recovery,,,05d114c4d6aea5bcb9713037a787ae1b7484317532f5f15d0a17866131d722db
"/Volumes/RECOVERY_TARGET/Root/FINAL_LIBRARY/Zoot Woman/(2004) Taken It All/Zoot Woman - (2004) Taken It All - 02. Taken It All (Todd Edwards 'Soul Line' radio vocal remix).flac",recovery,,,cf6c56f09a25d2b268140ac4492a55af52660814eef36988b9bd64c0b0fd261c
"/Volumes/RECOVERY_TARGET/Root/FINAL_LIBRARY/andy butler & Kim Ann Foxman/(2010) Creature ∕ What You Need - EP/andy butler & Kim Ann Foxman - (2010) Creature ∕ What You Need - EP - 02. Creature (Faze Action Remix).flac",recovery,,,526b8e00a85c6eb568bf741df6f468589ef4c7888f57672698e76a274b6a743b
"/Volumes/RECOVERY_TARGET/Root/FINAL_LIBRARY/andy butler & Kim Ann Foxman/(2010) Creature ∕ What You Need - EP/andy butler & Kim Ann Foxman - (2010) Creature ∕ What You Need - EP - 03. What You Need.flac",recovery,,,98d70d018f0fcd677a0fff171a9471bec180c575c870b82ef76947bcd1479443
"/Volumes/RECOVERY_TARGET/Root/FINAL_LIBRARY/aya/(2025) hexed!/aya - (2025) hexed! - 01. i am the pipe i hit myself with.flac",recovery,,,8f3b3964bec65fd975347a979edfa95161638ad2d8eab3da87705c98b491bd27
"/Volumes/RECOVERY_TARGET/Root/FINAL_LIBRARY/billy woods/(2025) GOLLIWOG/billy woods - (2025) GOLLIWOG - 04. BLK XMAS.flac",recovery,,,ba66b39b3df942bb3b962fda7bf57bc1b625f8b7d253954c6bacc7b53685c9ae
"/Volumes/RECOVERY_TARGET/Root/FINAL_LIBRARY/billy woods/(2025) GOLLIWOG/billy woods - (2025) GOLLIWOG - 05. Waterproof Mascara.flac",recovery,,,124ca2c6e45407d48d041e7f1c69d7e657f8a0b8d867115b17bfec65bce13ecb
"/Volumes/RECOVERY_TARGET/Root/FINAL_LIBRARY/billy woods/(2025) GOLLIWOG/billy woods - (2025) GOLLIWOG - 08. Pitchforks & Halos.flac",recovery,,,0d744e1c51a734b95ef484a8d89b17238d83735273fb23376be6d754de4f6f42
"/Volumes/RECOVERY_TARGET/Root/FINAL_LIBRARY/billy woods/(2025) GOLLIWOG/billy woods - (2025) GOLLIWOG - 09. All These Worlds Are Yours.flac",recovery,,,2d803135581ca301d8b0fdf2052664ba1705d46964fa439e8b2edefcd30778f0
"/Volumes/RECOVERY_TARGET/Root/FINAL_LIBRARY/billy woods/(2025) GOLLIWOG/billy woods - (2025) GOLLIWOG - 11. A Doll Fulla Pins.flac",recovery,,,a1def1e4f0454bb44eb1f7c82f88f4e95a230626bb7a4cfc85d9926c4f2cb785
"/Volumes/RECOVERY_TARGET/Root/FINAL_LIBRARY/billy woods/(2025) GOLLIWOG/billy woods - (2025) GOLLIWOG - 13. Cold Sweat.flac",recovery,,,741eeb438cef29ba1ffc70043910d07a00dd8c8c4babf22d7cbeaa40e3253f6f
"/Volumes/RECOVERY_TARGET/Root/FINAL_LIBRARY/billy woods/(2025) GOLLIWOG/billy woods - (2025) GOLLIWOG - 15. Make No Mistake.flac",recovery,,,d9d11ad6e8eb7186a1e52b1f08950a8386bcb12aaee7bb1b0b584fc6a0b644bd
"/Volumes/RECOVERY_TARGET/Root/FINAL_LIBRARY/billy woods/(2025) GOLLIWOG/billy woods - (2025) GOLLIWOG - 16. Born Alone.flac",recovery,,,7395aeba0ae4d26f9e6a57d487331ad34dab9487aa24c672b821ed0e69468b54
"/Volumes/RECOVERY_TARGET/Root/FINAL_LIBRARY/billy woods/(2025) GOLLIWOG/billy woods - (2025) GOLLIWOG - 17. Lead Paint Test.flac",recovery,,,7844c0257d81e8b3d9fd4c45eb482facd9d2d8044cdae7149ce14a29569c4e38
"/Volumes/RECOVERY_TARGET/Root/FINAL_LIBRARY/boy pablo/(2018) Soy Pablo/boy pablo - (2018) Soy Pablo - 03. Sick Feeling.flac",recovery,,,568030439f6672ab1c04ae0af5e0bbab44ac12d20fdbaf58b38c854d6a73ec6d
"/Volumes/RECOVERY_TARGET/Root/FINAL_LIBRARY/boy pablo/(2018) Soy Pablo/boy pablo - (2018) Soy Pablo - 06. Losing You.flac",recovery,,,e9516dc069382c205ec12d9d4e953276dc6a5f32624043065617afc7164a3861
"/Volumes/RECOVERY_TARGET/Root/FINAL_LIBRARY/of Montreal/(2008) Skeletal Lamping/of Montreal - (2008) Skeletal Lamping - 15. Id Engager.flac",recovery,,,1962385e0fce8e452844cd41eb2755e9bfd3d04891085153568523b95cf375b5
"/Volumes/RECOVERY_TARGET/Root/FINAL_LIBRARY/swim school/(2024) Seeing It Now/swim school - (2024) Seeing It Now - 05. Where Is My Mind ∕ You and Me Song (live from the stairwell).flac",recovery,,,9e6b6be5f3ae829600661d21d7922090689227bd35d12efab9b1014f796189d4
"/Volumes/RECOVERY_TARGET/Root/FINAL_LIBRARY/·Corvex·/(2025) Green Tears ∕ Aldebara ∕ Ether/·Corvex· - (2025) Green Tears ∕ Aldebara ∕ Ether - 03. Ether.flac",recovery,,,097e993d2aa7a95ba2e3b8cfbc6df25fe5dee7282005cb28859a9d9515bce468
"/Volumes/RECOVERY_TARGET/Root/FINAL_LIBRARY/!!!/(2015) As If/!!! - (2015) As If - 10. Lucy Mongoosey.flac",recovery,accepted,corrupt,NOT_SCANNED
"/Volumes/RECOVERY_TARGET/Root/FINAL_LIBRARY/ANOHNI and the Johnsons - (2005) I Am A Bird Now - 07. Fistful of Love.flac",recovery,accepted,"[""valid"", """"]",NOT_SCANNED
"/Volumes/RECOVERY_TARGET/Root/FINAL_LIBRARY/Alanis Morissette - (2015) Jagged Little Pill (collector's edition) - 43. You Learn (live at Subterranea, London 09-28-95).flac",recovery,accepted,"[""valid"", """"]",NOT_SCANNED
"/Volumes/RECOVERY_TARGET/Root/FINAL_LIBRARY/Alanis Morissette - (2015) Jagged Little Pill (collector's edition) - 44. Forgiven (live at Subterranea, London 09-28-95).flac",recovery,accepted,"[""valid"", """"]",NOT_SCANNED
"/Volumes/RECOVERY_TARGET/Root/FINAL_LIBRARY/Alanis Morissette - (2015) Jagged Little Pill (collector's edition) - 45. You Oughta Know (live at Subterranea, London 09-28-95).flac",recovery,accepted,"[""valid"", """"]",NOT_SCANNED
"/Volumes/RECOVERY_TARGET/Root/FINAL_LIBRARY/Alanis Morissette - (2015) Jagged Little Pill (collector's edition) - 47. Head Over Feet (live at Subterranea, London 09-28-95).flac",recovery,accepted,"[""valid"", """"]",NOT_SCANNED
"/Volumes/RECOVERY_TARGET/Root/FINAL_LIBRARY/Andre Crom  Chris Carrier - (2011) Get Back to the Raw - 01-03. Tainted Rose.flac",recovery,accepted,"[""valid"", """"]",NOT_SCANNED
"/Volumes/RECOVERY_TARGET/Root/FINAL_LIBRARY/Andrew Bird - (2024) Sunday Morning Put-On - 08. Softly, as in a Morning Sunrise.flac",recovery,accepted,"[""valid"", """"]",NOT_SCANNED
"/Volumes/RECOVERY_TARGET/Root/FINAL_LIBRARY/Anouar Brahem, Anja Lechner, Django Bates & Dave Holland - (2025) After the Last Sky - 01. Remembering Hind (1).flac",recovery,accepted,"[""valid"", """"]",NOT_SCANNED
"/Volumes/RECOVERY_TARGET/Root/FINAL_LIBRARY/Anouar Brahem, Anja Lechner, Django Bates & Dave Holland - (2025) After the Last Sky - 04. The Eternal Olive Tree (1).flac",recovery,accepted,"[""valid"", """"]",NOT_SCANNED
"/Volumes/RECOVERY_TARGET/Root/FINAL_LIBRARY/Anouar Brahem, Anja Lechner, Django Bates & Dave Holland - (2025) After the Last Sky - 06. In the Shade of Your Eyes.flac",recovery,accepted,"[""valid"", """"]",NOT_SCANNED
"/Volumes/RECOVERY_TARGET/Root/FINAL_LIBRARY/Anouar Brahem, Anja Lechner, Django Bates & Dave Holland - (2025) After the Last Sky - 07. Dancing Under the Meteorites.flac",recovery,accepted,"[""valid"", """"]",NOT_SCANNED
"/Volumes/RECOVERY_TARGET/Root/FINAL_LIBRARY/Arctic Monkeys - (2006) Whatever People Say I Am, That's What I'm Not - 02. I Bet You Look Good on the Dancefloor (1).flac",recovery,accepted,"[""valid"", """"]",NOT_SCANNED
"/Volumes/RECOVERY_TARGET/Root/FINAL_LIBRARY/Arctic Monkeys - (2006) Whatever People Say I Am, That's What I'm Not - 05. You Probably Couldn't See for the Lights but You Were Staring Straight at Me (1).flac",recovery,accepted,"[""valid"", """"]",NOT_SCANNED
"/Volumes/RECOVERY_TARGET/Root/FINAL_LIBRARY/Arctic Monkeys - (2006) Whatever People Say I Am, That's What I'm Not - 08. Red Light Indicates Doors Are Secured (1).flac",recovery,accepted,"[""valid"", """"]",NOT_SCANNED
"/Volumes/RECOVERY_TARGET/Root/FINAL_LIBRARY/Arctic Monkeys - (2006) Whatever People Say I Am, That's What I'm Not - 10. Perhaps Vampires Is a Bit Strong But... (1).flac",recovery,accepted,"[""valid"", """"]",NOT_SCANNED
"/Volumes/RECOVERY_TARGET/Root/FINAL_LIBRARY/BC Camplight - (2006) Hide, Run Away - 02. Blood and Peanut Butter (1).flac",recovery,accepted,"[""valid"", """"]",NOT_SCANNED
"/Volumes/RECOVERY_TARGET/Root/FINAL_LIBRARY/BC Camplight - (2006) Hide, Run Away - 04. Hide, Run Away.flac",recovery,accepted,"[""valid"", """"]",NOT_SCANNED
"/Volumes/RECOVERY_TARGET/Root/FINAL_LIBRARY/BC Camplight - (2006) Hide, Run Away - 07. Oranges in Winter.flac",recovery,accepted,"[""valid"", """"]",NOT_SCANNED
"/Volumes/RECOVERY_TARGET/Root/FINAL_LIBRARY/BC Camplight - (2006) Hide, Run Away - 09. La la La.flac",recovery,accepted,"[""valid"", """"]",NOT_SCANNED
"/Volumes/RECOVERY_TARGET/Root/FINAL_LIBRARY/BC Camplight - (2006) Hide, Run Away - 10. Richard Dawson (1).flac",recovery,accepted,"[""valid"", """"]",NOT_SCANNED
"/Volumes/RECOVERY_TARGET/Root/FINAL_LIBRARY/BC Camplight - (2015) How to Die in the North - 08. Lay Me on the Floor (1).flac",recovery,accepted,"[""valid"", """"]",NOT_SCANNED
"/Volumes/RECOVERY_TARGET/Root/FINAL_LIBRARY/BC Camplight - (2018) Deportation Blues - 03. Hell or Pennsylvania (1).flac",recovery,accepted,"[""valid"", """"]",NOT_SCANNED
"/Volumes/RECOVERY_TARGET/Root/FINAL_LIBRARY/BC Camplight - (2018) Deportation Blues - 04. I'm Desperate.flac",recovery,accepted,"[""valid"", """"]",NOT_SCANNED
"/Volumes/RECOVERY_TARGET/Root/FINAL_LIBRARY/BC Camplight - (2020) Shortly After Takeoff - 04. Cemetery Lifestyle (1).flac",recovery,accepted,"[""valid"", """"]",NOT_SCANNED
"/Volumes/RECOVERY_TARGET/Root/FINAL_LIBRARY/BC Camplight - (2020) Shortly After Takeoff - 05. I Want to Be in the Mafia (1).flac",recovery,accepted,"[""valid"", """"]",NOT_SCANNED
"/Volumes/RECOVERY_TARGET/Root/FINAL_LIBRARY/BC Camplight - (2020) Shortly After Takeoff - 07. Arm Around Your Sadness.flac",recovery,accepted,"[""valid"", """"]",NOT_SCANNED
"/Volumes/RECOVERY_TARGET/Root/FINAL_LIBRARY/BC Camplight - (2023) The Last Rotation of Earth - 01. The Last Rotation of Earth.flac",recovery,accepted,"[""valid"", """"]",NOT_SCANNED
"/Volumes/RECOVERY_TARGET/Root/FINAL_LIBRARY/Baauer, Channel Tres & Danny Brown - (2019) READY TO GO - 01. READY TO GO (1).flac",recovery,accepted,"[""valid"", """"]",NOT_SCANNED
"/Volumes/RECOVERY_TARGET/Root/FINAL_LIBRARY/Bag Raiders - (2010) Bag Raiders - 03. Shooting Stars (3).flac",recovery,accepted,"[""valid"", """"]",NOT_SCANNED
"/Volumes/RECOVERY_TARGET/Root/FINAL_LIBRARY/Bag Raiders - (2010) Bag Raiders - 10. Golden Wings (1).flac",recovery,accepted,"[""valid"", """"]",NOT_SCANNED
"/Volumes/RECOVERY_TARGET/Root/FINAL_LIBRARY/Bag Raiders - (2010) Bag Raiders - 17. Strangers On The Roof (1).flac",recovery,accepted,"[""valid"", """"]",NOT_SCANNED
"/Volumes/RECOVERY_TARGET/Root/FINAL_LIBRARY/Bag Raiders - (2010) Bag Raiders - 23. Not Over (Eli Escobar remix) (1).flac",recovery,accepted,"[""valid"", """"]",NOT_SCANNED
"/Volumes/RECOVERY_TARGET/Root/FINAL_LIBRARY/Barcoder - (2023) Quarantine - 02. Cold Carves My Flesh.flac",recovery,accepted,"[""valid"", """"]",streaminfo:210167982203817391050776246128220797690
"/Volumes/RECOVERY_TARGET/Root/FINAL_LIBRARY/Barcoder - (2023) Quarantine - 03. Schizophrenic Economic (1).flac",recovery,accepted,"[""valid"", """"]",streaminfo:295997855055163004279272576393204724466
"/Volumes/RECOVERY_TARGET/Root/FINAL_LIBRARY/Bedtime Beats - (2022) Spectrals - EP - 01. Dark Side of My Room.flac",recovery,accepted,"[""valid"", """"]",NOT_SCANNED
"/Volumes/RECOVERY_TARGET/Root/FINAL_LIBRARY/Beirut - (2007) The Flying Club Cup - 09. In the Mausoleum.flac",recovery,accepted,"[""valid"", """"]",NOT_SCANNED
"/Volumes/RECOVERY_TARGET/Root/FINAL_LIBRARY/Beirut - (2025) A Study of Losses - 07. Mare Imbrium (1).flac",recovery,accepted,"[""valid"", """"]",NOT_SCANNED
"/Volumes/RECOVERY_TARGET/Root/FINAL_LIBRARY/Big Mama Thornton - (1989) Ball n' Chain - 01. Sweet Little Angel.flac",recovery,accepted,"[""valid"", """"]",NOT_SCANNED
"/Volumes/RECOVERY_TARGET/Root/FINAL_LIBRARY/Black Country, New Road - (2025) Forever Howlong - 09. Nancy Tries to Take the Night.flac",recovery,accepted,"[""valid"", """"]",NOT_SCANNED
"/Volumes/RECOVERY_TARGET/Root/FINAL_LIBRARY/Black Country, New Road - (2025) Forever Howlong - 10. Forever Howlong.flac",recovery,accepted,"[""valid"", """"]",NOT_SCANNED
"/Volumes/RECOVERY_TARGET/Root/FINAL_LIBRARY/Blood Orange - (2013) Cupid Deluxe - 08. Always Let U Down (1).flac",recovery,accepted,"[""valid"", """"]",NOT_SCANNED
"/Volumes/RECOVERY_TARGET/Root/FINAL_LIBRARY/Blur - (2014) Parklife - 11. Trouble in the Message Centre.flac",recovery,accepted,"[""valid"", """"]",NOT_SCANNED
"/Volumes/RECOVERY_TARGET/Root/FINAL_LIBRARY/Blur - (2014) Parklife - 15. This Is a Low.flac",recovery,accepted,"[""valid"", """"]",NOT_SCANNED
"/Volumes/RECOVERY_TARGET/Root/FINAL_LIBRARY/Bon Entendeur - (2020) Aller-retour - 05. La Rua Madueira.flac",recovery,accepted,"[""valid"", """"]",NOT_SCANNED
"/Volumes/RECOVERY_TARGET/Root/FINAL_LIBRARY/Bon Entendeur - (2020) Aller-retour - 06. Entrevue Experience.flac",recovery,accepted,"[""valid"", """"]",NOT_SCANNED
"/Volumes/RECOVERY_TARGET/Root/FINAL_LIBRARY/Bon Entendeur - (2020) Aller-retour - 11. L'amour joue au violon.flac",recovery,accepted,"[""valid"", """"]",NOT_SCANNED
"/Volumes/RECOVERY_TARGET/Root/FINAL_LIBRARY/Bon Entendeur - (2020) Aller-retour - 12. Mes amis, mes copains.flac",recovery,accepted,"[""valid"", """"]",NOT_SCANNED
"/Volumes/RECOVERY_TARGET/Root/FINAL_LIBRARY/Bon Iver - (2008) For Emma, Forever Ago - 02. Lump Sum.flac",recovery,accepted,"[""valid"", """"]",NOT_SCANNED
"/Volumes/RECOVERY_TARGET/Root/FINAL_LIBRARY/Bon Iver - (2008) For Emma, Forever Ago - 03. Skinny Love.flac",recovery,accepted,"[""valid"", """"]",NOT_SCANNED
"/Volumes/RECOVERY_TARGET/Root/FINAL_LIBRARY/Bon Iver - (2008) For Emma, Forever Ago - 08. For Emma (1).flac",recovery,accepted,"[""valid"", """"]",NOT_SCANNED
"/Volumes/RECOVERY_TARGET/Root/FINAL_LIBRARY/Bon Iver - (2016) 22, a Million - 01. 22 (OVER S∞∞N).flac",recovery,accepted,"[""valid"", """"]",NOT_SCANNED
"/Volumes/RECOVERY_TARGET/Root/FINAL_LIBRARY/Bon Iver - (2025) SABLE, fABLE - 02. S P E Y S I D E (1).flac",recovery,accepted,"[""valid"", """"]",NOT_SCANNED
"/Volumes/RECOVERY_TARGET/Root/FINAL_LIBRARY/Bon Iver - (2025) SABLE, fABLE - 11. There's a Rhythmn (1).flac",recovery,accepted,"[""valid"", """"]",streaminfo:127315797445459296318568221375183796822
"/Volumes/RECOVERY_TARGET/Root/FINAL_LIBRARY/Booka Shade - (2025) For Real - 05. P.I.N. 4 (edit).flac",recovery,accepted,"[""valid"", """"]",NOT_SCANNED
"/Volumes/RECOVERY_TARGET/Root/FINAL_LIBRARY/Booka Shade - (2025) For Real - 07. Virtual Face.flac",recovery,accepted,"[""valid"", """"]",NOT_SCANNED
"/Volumes/RECOVERY_TARGET/Root/FINAL_LIBRARY/Booka Shade - (2025) For Real - 08. (Neon Lights) They Glow.flac",recovery,accepted,"[""valid"", """"]",NOT_SCANNED
"/Volumes/RECOVERY_TARGET/Root/FINAL_LIBRARY/Boris Brejcha - (2008) Lost Memory - 01. Lost Memory.flac",recovery,accepted,"[""valid"", """"]",NOT_SCANNED
"/Volumes/RECOVERY_TARGET/Root/FINAL_LIBRARY/Boris Brejcha - (2014) Feuerfalter - Special Edition - 01-04. The Madness (1).flac",recovery,accepted,"[""valid"", """"]",NOT_SCANNED
"/Volumes/RECOVERY_TARGET/Root/FINAL_LIBRARY/Boris Brejcha - (2014) Feuerfalter - Special Edition - 01-05. I Will Blast Your Mind (1).flac",recovery,accepted,"[""valid"", """"]",NOT_SCANNED
"/Volumes/RECOVERY_TARGET/Root/FINAL_LIBRARY/Boris Brejcha - (2014) Feuerfalter - Special Edition - 01-06. Paniklevel (1).flac",recovery,accepted,"[""valid"", """"]",NOT_SCANNED
"/Volumes/RECOVERY_TARGET/Root/FINAL_LIBRARY/Boris Brejcha - (2014) Feuerfalter - Special Edition - 02-06. Vampire (1).flac",recovery,accepted,"[""valid"", """"]",NOT_SCANNED
"/Volumes/RECOVERY_TARGET/Root/FINAL_LIBRARY/Boris Brejcha - (2020) Space Diver - 05. Space Diver (1).flac",recovery,accepted,"[""valid"", """"]",NOT_SCANNED
"/Volumes/RECOVERY_TARGET/Root/FINAL_LIBRARY/Boris Brejcha - (2020) Space Diver - 07. Blue Lake (1).flac",recovery,accepted,"[""valid"", """"]",NOT_SCANNED
"/Volumes/RECOVERY_TARGET/Root/FINAL_LIBRARY/Boris Brejcha - (2021) Never Stop Dancing - 04. Twisted Reality (1).flac",recovery,accepted,"[""valid"", """"]",NOT_SCANNED
"/Volumes/RECOVERY_TARGET/Root/FINAL_LIBRARY/Carl Craig & Moritz von Oswald - (2008) ReComposed: New Mixes by Ricardo Villalobos & Carl Craig EP - 01. Villalobos ""Uli, Mein Ponyhof"" RMX.flac",recovery,accepted,"[""valid"", """"]",NOT_SCANNED
"/Volumes/RECOVERY_TARGET/Root/FINAL_LIBRARY/Carl Craig/(1998) DJ-Kicks꞉ Carl Craig/Carl Craig - (1998) DJ-Kicks꞉ Carl Craig - 14. Electroluv.flac",recovery,accepted,corrupt,NOT_SCANNED
"/Volumes/RECOVERY_TARGET/Root/FINAL_LIBRARY/Cass McCombs - (2025) Interior Live Oak - 08. A Girl Named Dogie.flac",recovery,accepted,"[""valid"", """"]",NOT_SCANNED
"/Volumes/RECOVERY_TARGET/Root/FINAL_LIBRARY/Cass McCombs - (2025) Interior Live Oak - 15. Strawberry Moon.flac",recovery,accepted,"[""valid"", """"]",NOT_SCANNED
"/Volumes/RECOVERY_TARGET/Root/FINAL_LIBRARY/Channel Tres/(2022) refresh/Channel Tres - (2022) refresh - 02. Willow.flac",recovery,accepted,corrupt,NOT_SCANNED
"/Volumes/RECOVERY_TARGET/Root/FINAL_LIBRARY/Farben/(2022) Textstar+/Farben - (2022) Textstar+ - 05. farben Says As Long As There's Love Around.flac",recovery,accepted,corrupt,NOT_SCANNED
"/Volumes/RECOVERY_TARGET/Root/FINAL_LIBRARY/GHEIST/(2024) Everything Is Right (single)/GHEIST - (2024) Everything Is Right (single) - 01. Everything Is Right.flac",recovery,accepted,corrupt,NOT_SCANNED
"/Volumes/RECOVERY_TARGET/Root/FINAL_LIBRARY/Johann Sebastian Bach; Angela Hewitt - (2000) Goldberg Variations - 02. Goldberg Variations, BWV 988: Variation 1.flac",recovery,accepted,"[""valid"", """"]",NOT_SCANNED
"/Volumes/RECOVERY_TARGET/Root/FINAL_LIBRARY/Johann Sebastian Bach; Angela Hewitt - (2000) Goldberg Variations - 07. Goldberg Variations, BWV 988: Variation 6.flac",recovery,accepted,"[""valid"", """"]",NOT_SCANNED
"/Volumes/RECOVERY_TARGET/Root/FINAL_LIBRARY/Johann Sebastian Bach; Angela Hewitt - (2000) Goldberg Variations - 09. Goldberg Variations, BWV 988: Variation 8.flac",recovery,accepted,"[""valid"", """"]",NOT_SCANNED
"/Volumes/RECOVERY_TARGET/Root/FINAL_LIBRARY/Johann Sebastian Bach; Angela Hewitt - (2000) Goldberg Variations - 10. Goldberg Variations, BWV 988: Variation 9.flac",recovery,accepted,"[""valid"", """"]",NOT_SCANNED
"/Volumes/RECOVERY_TARGET/Root/FINAL_LIBRARY/Johann Sebastian Bach; Angela Hewitt - (2000) Goldberg Variations - 11. Goldberg Variations, BWV 988: Variation 10.flac",recovery,accepted,"[""valid"", """"]",NOT_SCANNED
"/Volumes/RECOVERY_TARGET/Root/FINAL_LIBRARY/Johann Sebastian Bach; Angela Hewitt - (2000) Goldberg Variations - 14. Goldberg Variations, BWV 988: Variation 13 (1).flac",recovery,accepted,"[""valid"", """"]",NOT_SCANNED
"/Volumes/RECOVERY_TARGET/Root/FINAL_LIBRARY/Johann Sebastian Bach; Angela Hewitt - (2000) Goldberg Variations - 16. Goldberg Variations, BWV 988: Variation 15.flac",recovery,accepted,"[""valid"", """"]",NOT_SCANNED
"/Volumes/RECOVERY_TARGET/Root/FINAL_LIBRARY/Johann Sebastian Bach; Angela Hewitt - (2000) Goldberg Variations - 17. Goldberg Variations, BWV 988: Variation 16.flac",recovery,accepted,"[""valid"", """"]",NOT_SCANNED
"/Volumes/RECOVERY_TARGET/Root/FINAL_LIBRARY/Johann Sebastian Bach; Angela Hewitt - (2000) Goldberg Variations - 21. Goldberg Variations, BWV 988: Variation 20 (1).flac",recovery,accepted,"[""valid"", """"]",NOT_SCANNED
"/Volumes/RECOVERY_TARGET/Root/FINAL_LIBRARY/Johann Sebastian Bach; Angela Hewitt - (2000) Goldberg Variations - 26. Goldberg Variations, BWV 988: Variation 25.flac",recovery,accepted,"[""valid"", """"]",NOT_SCANNED
"/Volumes/RECOVERY_TARGET/Root/FINAL_LIBRARY/Johann Sebastian Bach; Angela Hewitt - (2000) Goldberg Variations - 28. Goldberg Variations, BWV 988: Variation 27.flac",recovery,accepted,"[""valid"", """"]",NOT_SCANNED
"/Volumes/RECOVERY_TARGET/Root/FINAL_LIBRARY/Johann Sebastian Bach; Angela Hewitt - (2000) Goldberg Variations - 29. Goldberg Variations, BWV 988: Variation 28.flac",recovery,accepted,"[""valid"", """"]",NOT_SCANNED
"/Volumes/RECOVERY_TARGET/Root/FINAL_LIBRARY/Johann Sebastian Bach; Angela Hewitt - (2000) Goldberg Variations - 30. Goldberg Variations, BWV 988: Variation 29.flac",recovery,accepted,"[""valid"", """"]",NOT_SCANNED
"/Volumes/RECOVERY_TARGET/Root/FINAL_LIBRARY/Johann Sebastian Bach; Bob van Asperen - (1999) Harpsichord Concertos - 02-11. Concerto in A major, BWV 1055: II. Larghetto (1).flac",recovery,accepted,"[""valid"", """"]",NOT_SCANNED
"/Volumes/RECOVERY_TARGET/Root/FINAL_LIBRARY/Miguel Campbell/(2021) Models, Girls & Stars (Reprise) - Single/Miguel Campbell - (2021) Models, Girls & Stars (Reprise) - Single - 01. Models, Girls & Stars (Reprise).flac",recovery,accepted,corrupt,NOT_SCANNED
"/Volumes/RECOVERY_TARGET/Root/FINAL_LIBRARY/Mike Posner - (XXXX) One Foot Out the Door - 04. You Don't Have to Leave.fixed.flac",recovery,accepted,"[""valid"", """"]",streaminfo:146297660404610906336414438575465278770
"/Volumes/RECOVERY_TARGET/Root/FINAL_LIBRARY/Parcels/(2021) Day∕Night/Parcels - (2021) Day∕Night - 02. Free.flac",recovery,accepted,corrupt,NOT_SCANNED
"/Volumes/RECOVERY_TARGET/Root/FINAL_LIBRARY/Paris Green/(2017) Get Physical presents꞉ Amsterdam Gets Physical 2017 - Compiled & Mixed by Paris Green/Paris Green - (2017) Get Physical presents꞉ Amsterdam Gets P__91568734.flac",recovery,accepted,corrupt,NOT_SCANNED
"/Volumes/RECOVERY_TARGET/Root/FINAL_LIBRARY/Rosalyn Tureck/(2022) Bach - Goldberg Variations & Well Tempered Clavier/Rosalyn Tureck - (2022) Bach - Goldberg Variations & Well Te__284ca0cd.flac",recovery,accepted,corrupt,NOT_SCANNED
"/Volumes/RECOVERY_TARGET/Root/FINAL_LIBRARY/The Buddy Rich Big Band - (2001) Keep the Customer Satisfied - 12. Groovin' Hard (alternate take).flac",recovery,accepted,"[""valid"", """"]",NOT_SCANNED
"/Volumes/RECOVERY_TARGET/Root/FINAL_LIBRARY/The Corrs - (2001) Best of The Corrs - 15. Everybody Hurts (MTV Unplugged version) (1).flac",recovery,accepted,"[""valid"", """"]",streaminfo:11869944167454273593263998033469992054
"/Volumes/RECOVERY_TARGET/Root/FINAL_LIBRARY/The Second Band - (2006) Your Dark Side Is on the Phone - 01. Wild Is the Wind.flac",recovery,accepted,"[""valid"", """"]",streaminfo:22940198058624868444500533349427940115
"/Volumes/RECOVERY_TARGET/Root/FINAL_LIBRARY/The xx - (2013) Hivern Remixes - 02. Reunion (Mistakes Are OK remix) (2).flac",recovery,accepted,"[""valid"", """"]",streaminfo:248905188088138265100037443758437903840
"/Volumes/RECOVERY_TARGET/Root/FINAL_LIBRARY/The xx - (2013) Innervisions Remixes - 03. Fiction (Marcus Worgull remix) (1).flac",recovery,accepted,"[""valid"", """"]",streaminfo:155445345052688490844060474306865062091
"/Volumes/RECOVERY_TARGET/Root/FINAL_LIBRARY/The xx - (2013) Jamie xx Edits - 02. Reconsider (Jamie xx edit) (1).flac",recovery,accepted,"[""valid"", """"]",streaminfo:166572957038786374037808977827515223088
"/Volumes/RECOVERY_TARGET/Root/FINAL_LIBRARY/The xx - (2013) Reunion (Edu Imbernon remix) - 01. Reunion (Edu Imbernon remix) (1).flac",recovery,accepted,"[""valid"", """"]",streaminfo:80319333382348940290668448574224943110
"/Volumes/RECOVERY_TARGET/Root/FINAL_LIBRARY/Tiger Stripes - (2025) Say Yeah EP - EP - 01. Say Yeah.flac",recovery,accepted,"[""valid"", """"]",NOT_SCANNED
"/Volumes/RECOVERY_TARGET/Root/FINAL_LIBRARY/Tiger Stripes - (2025) Say Yeah EP - EP - 02. J's Track.flac",recovery,accepted,"[""valid"", """"]",NOT_SCANNED
"/Volumes/RECOVERY_TARGET/Root/FINAL_LIBRARY/Tiger Stripes - (2025) Say Yeah EP - EP - 03. A Tiger Never Loses it's Stripes.flac",recovery,accepted,"[""valid"", """"]",NOT_SCANNED
"/Volumes/RECOVERY_TARGET/Root/FINAL_LIBRARY/Voces8 - (2019) Enchanted Isle - 09. Song for Athene (1).flac",recovery,accepted,"[""valid"", """"]",NOT_SCANNED
"/Volumes/RECOVERY_TARGET/Root/FINAL_LIBRARY/X/(0000) [Unknown Album]/X - (0000) [Unknown Album] - 00. (15).flac",recovery,accepted,corrupt,NOT_SCANNED
"/Volumes/RECOVERY_TARGET/Root/FINAL_LIBRARY/X/(0000) [Unknown Album]/X - (0000) [Unknown Album] - 00. (17).flac",recovery,accepted,corrupt,NOT_SCANNED
"/Volumes/RECOVERY_TARGET/Root/FINAL_LIBRARY/X/(0000) [Unknown Album]/X - (0000) [Unknown Album] - 00. (18).flac",recovery,accepted,corrupt,NOT_SCANNED
"/Volumes/RECOVERY_TARGET/Root/FINAL_LIBRARY/X/(0000) [Unknown Album]/X - (0000) [Unknown Album] - 00. (19).flac",recovery,accepted,corrupt,NOT_SCANNED
"/Volumes/RECOVERY_TARGET/Root/FINAL_LIBRARY/Yaya Bey/(2024) Ten Fold/Yaya Bey - (2024) Ten Fold - 12. iloveyoufrankiebeverly.flac",recovery,accepted,corrupt,NOT_SCANNED
"/Volumes/RECOVERY_TARGET/Root/FINAL_LIBRARY/Yaya Bey/(2024) Ten Fold/Yaya Bey - (2024) Ten Fold - 14. carl thomas sliding down the wall.flac",recovery,accepted,corrupt,NOT_SCANNED
"/Volumes/RECOVERY_TARGET/Root/FINAL_LIBRARY/billy woods - (2025) GOLLIWOG - 04. BLK XMAS.flac",recovery,accepted,"[""valid"", """"]",NOT_SCANNED
"/Volumes/RECOVERY_TARGET/Root/FINAL_LIBRARY/billy woods - (2025) GOLLIWOG - 05. Waterproof Mascara.flac",recovery,accepted,"[""valid"", """"]",NOT_SCANNED
"/Volumes/RECOVERY_TARGET/Root/FINAL_LIBRARY/billy woods - (2025) GOLLIWOG - 08. Pitchforks & Halos.flac",recovery,accepted,"[""valid"", """"]",NOT_SCANNED
"/Volumes/RECOVERY_TARGET/Root/FINAL_LIBRARY/billy woods - (2025) GOLLIWOG - 09. All These Worlds Are Yours.flac",recovery,accepted,"[""valid"", """"]",NOT_SCANNED
"/Volumes/RECOVERY_TARGET/Root/FINAL_LIBRARY/billy woods - (2025) GOLLIWOG - 11. A Doll Fulla Pins.flac",recovery,accepted,"[""valid"", """"]",NOT_SCANNED
"/Volumes/RECOVERY_TARGET/Root/FINAL_LIBRARY/billy woods - (2025) GOLLIWOG - 17. Lead Paint Test.flac",recovery,accepted,"[""valid"", """"]",NOT_SCANNED
"/Volumes/RECOVERY_TARGET/Root/FINAL_LIBRARY/boy pablo - (2018) Soy Pablo - 03. Sick Feeling.flac",recovery,accepted,"[""valid"", """"]",NOT_SCANNED
