path,checksum,library,zone
"/Volumes/COMMUNE/_PROMOTION_STAGING/47SOUL - (2020) Semitics - 10. 47 Cocktail (1).flac",streaminfo:20677654499811127682332140361230523391,commune,staging
"/Volumes/COMMUNE/_PROMOTION_STAGING/6th Borough Project - (2009) Miss World EP - 02. Miss World (Soultourist remix).flac",streaminfo:191301478852133951418756378403840718119,commune,staging
"/Volumes/COMMUNE/_PROMOTION_STAGING/6th Borough Project - (2009) Miss World EP - 03. Miss World (OOFT! remix).flac",streaminfo:128034037435969602790634798583884865125,commune,staging
"/Volumes/COMMUNE/_PROMOTION_STAGING/6th Borough Project - (2011) One Night in the Borough - 07. The Fool (1).flac",streaminfo:230217441875070101450060308275864127901,commune,staging
"/Volumes/COMMUNE/_PROMOTION_STAGING/AKZENTH - (2022) Night - 01. Night.flac",streaminfo:312162766481420025826634124836981048113,commune,staging
"/Volumes/COMMUNE/_PROMOTION_STAGING/Average White Band - (2009) Most Sampled - 09. A Love of Your Own.flac",streaminfo:240082230173604731005536387311584645448,commune,staging
"/Volumes/COMMUNE/_PROMOTION_STAGING/BC Camplight - (2025) A Sober Conversation - 01. The Tent.flac",streaminfo:101447235150389175252460129157965453127,commune,staging
"/Volumes/COMMUNE/_PROMOTION_STAGING/Black Coffee & David Guetta feat. Delilah Montagu - (2018) Drive (Remixes) - 05. Drive (Pablo Fierro remix).flac",streaminfo:97716791952732139370845757677585954325,commune,staging
"/Volumes/COMMUNE/_PROMOTION_STAGING/Blur - (1997) Blur - 01. Beetlebum.flac",streaminfo:278245449942804546693921461619804123748,commune,staging
"/Volumes/COMMUNE/_PROMOTION_STAGING/Bongomann - (2024) Fogworx - EP - 03. Fogworx.flac",streaminfo:172917417582720401479185804260520740824,commune,staging
"/Volumes/COMMUNE/_PROMOTION_STAGING/Charlotte de Witte - (2023) Power of Thought - 02. Pria (1).flac",streaminfo:335829711190910058875328311688048949704,commune,staging
"/Volumes/COMMUNE/_PROMOTION_STAGING/Chicken Lips - (2012) D.R.O.M.P. (single) - 07. D.R.O.M.P. (radio edit).flac",streaminfo:75275433725810915651505223593985273272,commune,staging
"/Volumes/COMMUNE/_PROMOTION_STAGING/Chicks on Speed - (2003) We Don't Play Guitars (single) - 02. We Don't Play Guitars (Cristian Vogel remix).flac",streaminfo:116388719500554328357122206563884147066,commune,staging
"/Volumes/COMMUNE/_PROMOTION_STAGING/Christian Smith - (2011) Pitanga - 02. Pitanga (Slam remix) (1).flac",streaminfo:300340595779692431759336243469128282658,commune,staging
"/Volumes/COMMUNE/_PROMOTION_STAGING/Cue - (1997) Burnin' - 02. Il fuoco (Italian edit).flac",streaminfo:260553933688399133579405112232721860180,commune,staging
"/Volumes/COMMUNE/_PROMOTION_STAGING/Disclosure - (2013) Settle (Special Edition) - 03-19. F for You (1).flac",streaminfo:27198180105164297688860353318291528176,commune,staging
"/Volumes/COMMUNE/_PROMOTION_STAGING/Disclosure - (2015) Caracal - 01. Nocturnal.flac",streaminfo:269638842714052838161149510056493139240,commune,staging
"/Volumes/COMMUNE/_PROMOTION_STAGING/Disclosure - (2020) Expressing What Matters - 01. Expressing What Matters.flac",streaminfo:113686645847198807107549558430359208117,commune,staging
"/Volumes/COMMUNE/_PROMOTION_STAGING/Discovery - (2009) LP - 01. Orange Shirt.flac",streaminfo:219805940107883614996104847279217529249,commune,staging
"/Volumes/COMMUNE/_PROMOTION_STAGING/Durante - (2017) Unraveled - 02. Split Wick.flac",streaminfo:182486054634879027592070362459423903579,commune,staging
"/Volumes/COMMUNE/_PROMOTION_STAGING/Eddie Kendricks - (1972) People... Hold On - 06. My People... Hold On.flac",streaminfo:110459091210498039155843345128983519862,commune,staging
"/Volumes/COMMUNE/_PROMOTION_STAGING/Efdemin - (2014) Decay Versions Pt. 2 EP - 04. Parallaxis (Traumprinz's Over 2 The End version).flac",streaminfo:137932038767182700849360378377940830062,commune,staging
"/Volumes/COMMUNE/_PROMOTION_STAGING/Esser - (2009) Braveface - 09. Real Life.flac",streaminfo:314275506270319429062282923918886199873,commune,staging
"/Volumes/COMMUNE/_PROMOTION_STAGING/Flavien Berger - (2019) radio contre-temps - 10. microsono.flac",streaminfo:58879465929229614357941540880084629385,commune,staging
"/Volumes/COMMUNE/_PROMOTION_STAGING/Franc Moody - (2018) Dance Moves EP - 03. Pheromones.flac",streaminfo:18558819069362164195971830636969641254,commune,staging
"/Volumes/COMMUNE/_PROMOTION_STAGING/Franc Moody - (2025) Chewing The Fat - 07. Henges (Interlude).flac",streaminfo:85893113462707734410030540764318098970,commune,staging
"/Volumes/COMMUNE/_PROMOTION_STAGING/Franc Moody - (2025) Chewing The Fat - 08. Pressure Makes Diamonds.flac",streaminfo:299874634202130964544578882287044917421,commune,staging
"/Volumes/COMMUNE/_PROMOTION_STAGING/Francis Lung - (2016) Dance 4 Sorrow - 01. Dance 4 Sorrow.flac",streaminfo:248463800808113980010396793962716263311,commune,staging
"/Volumes/COMMUNE/_PROMOTION_STAGING/Gavin Froome - (2016) Don't Come Home EP - 03. Don't Come Home (The Revenge Instrumental).flac",streaminfo:13578725824608387023445143207888214885,commune,staging
"/Volumes/COMMUNE/_PROMOTION_STAGING/Gene Dunlap feat. The Ridgeways - (1981) It's Just The Way I Feel - 06. It's Just The Way I Feel.flac",streaminfo:86610526353153634108235831883419628561,commune,staging
"/Volumes/COMMUNE/_PROMOTION_STAGING/Gheist - (2022) Everything - 01. Everything.flac",streaminfo:30398080437694173569043715929206143455,commune,staging
"/Volumes/COMMUNE/_PROMOTION_STAGING/Ginuwine - (1996) Ginuwine... The Bachelor - 03. Tell Me Do U Wanna.flac",streaminfo:328415068015451346827580308977728286595,commune,staging
"/Volumes/COMMUNE/_PROMOTION_STAGING/Glitterbox Radio - (2017) Glitterbox Mixtape 001 (hosted by Melvo Baptiste) - 03. Love On Hold.flac",streaminfo:127167619903753920903215757424293293855,commune,staging
"/Volumes/COMMUNE/_PROMOTION_STAGING/Glitterbox Radio - (2017) Glitterbox Mixtape 001 (hosted by Melvo Baptiste) - 14. Fall For You.flac",streaminfo:145866450249479322176215773333463359712,commune,staging
"/Volumes/COMMUNE/_PROMOTION_STAGING/Glitterbox Radio - (2017) Glitterbox Mixtape 002 (hosted by Melvo Baptiste) - 08. Music Is My Way Of Life.flac",streaminfo:305289918058255557497198049798553346111,commune,staging
"/Volumes/COMMUNE/_PROMOTION_STAGING/Glitterbox Radio - (2017) Glitterbox Mixtape 002 (hosted by Melvo Baptiste) - 11. He Is The Joy.flac",streaminfo:42004068700997706857796079669011453639,commune,staging
"/Volumes/COMMUNE/_PROMOTION_STAGING/Glitterbox Radio - (2020) Glitterbox Radio Episode 004 (presented by Melvo Baptiste) - 02. Finally Ready.flac",streaminfo:14303866813743975192549161703855849871,commune,staging
"/Volumes/COMMUNE/_PROMOTION_STAGING/Glitterbox Radio - (2020) Glitterbox Radio Episode 004 (presented by Melvo Baptiste) - 10. This Is House.flac",streaminfo:170084366294953391273703825582759756186,commune,staging
"/Volumes/COMMUNE/_PROMOTION_STAGING/Glitterbox Radio - (2020) Glitterbox Radio Episode 004 (presented by Melvo Baptiste) - 11. Testify.flac",streaminfo:176074791694400187579201577765306162758,commune,staging
"/Volumes/COMMUNE/_PROMOTION_STAGING/Glitterbox Radio - (2020) Glitterbox Radio Episode 004 (presented by Melvo Baptiste) - 12. Larry's Jam.flac",streaminfo:236986139828285894728115299584500637696,commune,staging
"/Volumes/COMMUNE/_PROMOTION_STAGING/Glitterbox Radio - (2020) Glitterbox Radio Episode 004 (presented by Melvo Baptiste) - 17. Jam Hot (Mixed).flac",streaminfo:283194239017667748709057187325031666826,commune,staging
"/Volumes/COMMUNE/_PROMOTION_STAGING/Glitterbox Radio - (2020) Glitterbox Radio Episode 004 (presented by Melvo Baptiste) - 18. No Price.flac",streaminfo:305280905888545040897466022330018698296,commune,staging
"/Volumes/COMMUNE/_PROMOTION_STAGING/Glitterbox Radio - (2020) Glitterbox Radio Episode 005 (presented by Melvo Baptiste) - 02. Life Is A Dancefloor (feat. Kimberly Davis) [Dr Packer Extended Remix] [Mixed].flac",streaminfo:75827657502524108293361300190564778224,commune,staging
"/Volumes/COMMUNE/_PROMOTION_STAGING/Glitterbox Radio - (2020) Glitterbox Radio Episode 005 (presented by Melvo Baptiste) - 11. You Can Make It.flac",streaminfo:144284402344834669318983285999085952563,commune,staging
"/Volumes/COMMUNE/_PROMOTION_STAGING/Gui Boratto - (2007) Chromophobia - 04. Gate 7.flac",streaminfo:327363778249932218028281546072279325910,commune,staging
"/Volumes/COMMUNE/_PROMOTION_STAGING/Hot Chip - (2012) How Do You Do_ (single) - 05. How Do You Do_ (James Zabiela remix).flac",streaminfo:143463986202527441359698578380026437063,commune,staging
"/Volumes/COMMUNE/_PROMOTION_STAGING/I_Cube - (1999) Adore - 01. Adore.flac",streaminfo:227951782285816208364612163049094788405,commune,staging
"/Volumes/COMMUNE/_PROMOTION_STAGING/Ilmond - (2024) Bye - 01. Rehla.flac",streaminfo:132119491536419097303921822898449143351,commune,staging
"/Volumes/COMMUNE/_PROMOTION_STAGING/Ilmond - (2024) Ya Kahera - 05. Sawwah.flac",streaminfo:24255658094790535988639444481612760185,commune,staging
"/Volumes/COMMUNE/_PROMOTION_STAGING/Iman Omari - (2011) Energy EP - 01. Energy.flac",streaminfo:243733578834895143300541944743673841410,commune,staging
"/Volumes/COMMUNE/_PROMOTION_STAGING/Isaiah Rashad - (2016) The Sun's Tirade - 05. Wat's Wrong (1).flac",streaminfo:150743272777047891179524930483265517023,commune,staging
"/Volumes/COMMUNE/_PROMOTION_STAGING/JAWNY - (2025) Control (single) - 01. Control.flac",streaminfo:337610108225270214106634813135994637265,commune,staging
"/Volumes/COMMUNE/_PROMOTION_STAGING/John Klemmer - (2005) Finesse-Magnificent Madness - 14. Deja Vu.flac",streaminfo:202274948404922666072074794305258023326,commune,staging
"/Volumes/COMMUNE/_PROMOTION_STAGING/Johnny Utah - (2018) Johnny Utah - 05. Nvrllyrlly.flac",streaminfo:33375995612154594667474972085733789126,commune,staging
"/Volumes/COMMUNE/_PROMOTION_STAGING/Josh Baker - (2024) Bass Up To The Top - 01. Bass Up To The Top.flac",streaminfo:39052302285611216814865382739452821499,commune,staging
"/Volumes/COMMUNE/_PROMOTION_STAGING/KC Lights - (2020) Girl (single) - 01. Girl.flac",streaminfo:121626700260831504184516410984598154027,commune,staging
"/Volumes/COMMUNE/_PROMOTION_STAGING/Lowtec - (2008) Workshop 06 - 02. [untitled].flac",streaminfo:174066545921407616479436711695422984228,commune,staging
"/Volumes/COMMUNE/_PROMOTION_STAGING/Luigi Tozzi - (2018) Ecate - 01. Ecate (1).flac",streaminfo:257860815803143213269579844862338116536,commune,staging
"/Volumes/COMMUNE/_PROMOTION_STAGING/Luke Hess - (2019) Supercinema 002 EP - 02. Hidden Dimension.flac",streaminfo:151632758605023739224596006918933679246,commune,staging
"/Volumes/COMMUNE/_PROMOTION_STAGING/Michael Jackson - (2022) Thriller 40 - 20. Billie Jean (home demo from 1981).flac",streaminfo:317589337020982731127758612305598629874,commune,staging
"/Volumes/COMMUNE/_PROMOTION_STAGING/Miguel Campbell - (2018) Community Funk 2 - 07. Trendy.flac",streaminfo:238325406344112721658105307160428226608,commune,staging
"/Volumes/COMMUNE/_PROMOTION_STAGING/Miguel Campbell - (2018) Theories Of A Different Mind Remixes - 03. Down With You (Iain O'Hare Remix).flac",streaminfo:210927756924252946297428310468246197883,commune,staging
"/Volumes/COMMUNE/_PROMOTION_STAGING/Miguel Campbell - (2020) Nights Of Future Past - 07. Everybody.flac",streaminfo:277272356892152053635804823793837645079,commune,staging
"/Volumes/COMMUNE/_PROMOTION_STAGING/Miguel Campbell - (2023) Blaze Of Your Love - 01. Blaze Of Your Love.flac",streaminfo:53335972290322595206252867610606695823,commune,staging
"/Volumes/COMMUNE/_PROMOTION_STAGING/NTO - (2018) Croche (single) - 01. Croche (1) (dup 1).flac",streaminfo:250621699814182572814668981220508763490,commune,staging
"/Volumes/COMMUNE/_PROMOTION_STAGING/Or_la - (2024) Trusting Theta - 08. Slay The Beast.flac",streaminfo:195784125955673706983301081991006828115,commune,staging
"/Volumes/COMMUNE/_PROMOTION_STAGING/Oskar Offermann  Edward - (2008) Cherry Bombs  Inverno (single) - 01. Cherry Bombs.flac",streaminfo:144398885502195364771008505214446089877,commune,staging
"/Volumes/COMMUNE/_PROMOTION_STAGING/Psychic Mirrors - (2011) I Come For Your Love  The Witching Hour (single) - 01. I Come for Your Love (1) (dup 1).flac",streaminfo:285739250994088011522227146925025592415,commune,staging
"/Volumes/COMMUNE/_PROMOTION_STAGING/Purple Disco Machine - (2017) Body Funk - 01. Body Funk (extended mix).flac",streaminfo:101178215112775071846539491300634430418,commune,staging
"/Volumes/COMMUNE/_PROMOTION_STAGING/Rikas - (2022) Goodbye Sunshine - 02. Never Leaving the House.flac",streaminfo:122601387665344361818645925456504698917,commune,staging
"/Volumes/COMMUNE/_PROMOTION_STAGING/Ripperton - (2011) Lost in Colors - 01. Lost In Colors (Tobias Welcome Song) (Original).flac",streaminfo:28180851446802780167548399967362336952,commune,staging
"/Volumes/COMMUNE/_PROMOTION_STAGING/Robert Hood - (2013) Drive (The Age Of Automation) Ø [Phase] Remixes - 01. Drive (The Age Of Automation).flac",streaminfo:18972501648112977956274132476718055715,commune,staging
"/Volumes/COMMUNE/_PROMOTION_STAGING/Roger Sanchez - (2024) Save Me Now - 01. Save Me Now.flac",streaminfo:258066428793406914872482800158598245605,commune,staging
"/Volumes/COMMUNE/_PROMOTION_STAGING/Roger Troutman - (1991) Bridging the Gap - 05. Emotions.flac",streaminfo:247763404349597601630539007287686829091,commune,staging
"/Volumes/COMMUNE/_PROMOTION_STAGING/Roy Ayers - (2005) Virgin Ubiquity II_ Unreleased Recordings 1976-1981 - 04. Liquid Love.flac",streaminfo:216668405358750064426393780718261536924,commune,staging
"/Volumes/COMMUNE/_PROMOTION_STAGING/Soundtrack - (2017) Junction 48 (Original Motion Picture Soundtrack) EP - 03. ارض اجدادي.flac",streaminfo:26043478141510224084139248396773552060,commune,staging
"/Volumes/COMMUNE/_PROMOTION_STAGING/Soundtrack - (2017) Junction 48 (Original Motion Picture Soundtrack) EP - 04. تعال معي (Come With Me).flac",streaminfo:205079805327940206074601548800055397767,commune,staging
"/Volumes/COMMUNE/_PROMOTION_STAGING/Soundtrack - (2017) Junction 48 (Original Motion Picture Soundtrack) EP - 05. ارض اجدادي 2.flac",streaminfo:166849130422739313077947969219428988175,commune,staging
"/Volumes/COMMUNE/_PROMOTION_STAGING/Stephan Bodzin - (2015) Powers of Ten - 07. Powers of Ten (1).flac",streaminfo:210048041825053785939375200528648151326,commune,staging
"/Volumes/COMMUNE/_PROMOTION_STAGING/Sunny Summer Day - (2008) Me Myself & The Empty Soul EP - 04. So Much Fun.fixed (dup 1).flac",streaminfo:102286091575954417367758559782966777239,commune,staging
"/Volumes/COMMUNE/_PROMOTION_STAGING/VA - (2018) Tactical Funky House Session (Selected and Mixed by Lissat)  - 2531. Monkey Junk (1).flac",streaminfo:316564415119255657940735191065297441052,commune,staging
"/Volumes/RECOVERY_TARGET/Root/FINAL_LIBRARY/ALOTT × Wankelmut × Enny-Mae/(2022) You and I/ALOTT × Wankelmut × Enny-Mae - (2022) You and I - 01. You and I.flac",streaminfo:321478609310139204698378156999024506174,recovery,accepted
"/Volumes/RECOVERY_TARGET/Root/FINAL_LIBRARY/Aalson/(2022) Oddes/Aalson - (2022) Oddes - 01. Oddes.flac",streaminfo:249479152246789323984326421961364175125,recovery,accepted
"/Volumes/RECOVERY_TARGET/Root/FINAL_LIBRARY/Adam Beyer & Eli Brown/(2024) Overdose of Bass/Adam Beyer & Eli Brown - (2024) Overdose of Bass - 01. Overdose of Bass.flac",streaminfo:125689311075804676261539193302186546051,recovery,accepted
"/Volumes/RECOVERY_TARGET/Root/FINAL_LIBRARY/Alan Braxe & Fred Falke/(2000) Running/Alan Braxe & Fred Falke - (2000) Running - 02. Most Wanted.flac",streaminfo:179128892040199470047679072611494728807,recovery,accepted
"/Volumes/RECOVERY_TARGET/Root/FINAL_LIBRARY/Alan Fitzpatrick & Joyhauser/(2024) Craving/Alan Fitzpatrick & Joyhauser - (2024) Craving - 01. Craving.flac",streaminfo:333083457687403873015740761181450791415,recovery,accepted
"/Volumes/RECOVERY_TARGET/Root/FINAL_LIBRARY/Alex G/(2017) Sportstar (Porches Remix)/Alex G - (2017) Sportstar (Porches Remix) - 02. Sportstar (Porches remix).flac",streaminfo:182137950593910958421706333080096948253,recovery,accepted
"/Volumes/RECOVERY_TARGET/Root/FINAL_LIBRARY/Alex Preston/(2021) Love You Better/Alex Preston - (2021) Love You Better - 01. Love You Better.flac",streaminfo:217694615627887809077762274999197546083,recovery,accepted
"/Volumes/RECOVERY_TARGET/Root/FINAL_LIBRARY/Alice Merton/(2017) No Roots/Alice Merton - (2017) No Roots - 01. No Roots.flac",streaminfo:28900649538600169554852152611975877383,recovery,accepted
"/Volumes/RECOVERY_TARGET/Root/FINAL_LIBRARY/Ally Bakst/(2024) i want it/Ally Bakst - (2024) i want it - 01. i want it.flac",streaminfo:271548568127014660551524441766212658481,recovery,accepted
"/Volumes/RECOVERY_TARGET/Root/FINAL_LIBRARY/Aloe Blacc/(2024) Rock My Soul꞉ Volume II/Aloe Blacc - (2024) Rock My Soul꞉ Volume II - 04. Everybody Hurts.flac",streaminfo:215913245523497266773218681399084400375,recovery,accepted
"/Volumes/RECOVERY_TARGET/Root/FINAL_LIBRARY/Altın Gün/(2019) Gelin Halayı ∕ Dıv Dıv/Altın Gün - (2019) Gelin Halayı ∕ Dıv Dıv - 01. Gelin Helayi.flac",streaminfo:318607068744173089410509309669183486621,recovery,accepted
"/Volumes/RECOVERY_TARGET/Root/FINAL_LIBRARY/Altın Gün/(2024) Bir Sigara İç Oğlan/Altın Gün - (2024) Bir Sigara İç Oğlan - 01. Bir Sigara İç Oğlan.flac",streaminfo:155519398039216339487222716719422253063,recovery,accepted
"/Volumes/RECOVERY_TARGET/Root/FINAL_LIBRARY/Amber Mark/(2017) 3꞉33am/Amber Mark - (2017) 3꞉33am - 02. Lose My Cool.flac",streaminfo:40439473679456981083338582536722731463,recovery,accepted
"/Volumes/RECOVERY_TARGET/Root/FINAL_LIBRARY/Amelie Lens/(2023) Feel It/Amelie Lens - (2023) Feel It - 01. Feel It.flac",streaminfo:334655207601269522036385513126302456953,recovery,accepted
"/Volumes/RECOVERY_TARGET/Root/FINAL_LIBRARY/Amtrac & Samuel T. Herring/(2022) Domino/Amtrac & Samuel T. Herring - (2022) Domino - 01. Domino.flac",streaminfo:290165680000585731997992976658004890783,recovery,accepted
"/Volumes/RECOVERY_TARGET/Root/FINAL_LIBRARY/Andrew Huang feat. Peter Hollens/(2017) Find Me/Andrew Huang feat. Peter Hollens - (2017) Find Me - 01. Find Me.flac",streaminfo:337172567383904243552832159652761543498,recovery,accepted
"/Volumes/RECOVERY_TARGET/Root/FINAL_LIBRARY/Anette Party feat. Anita Coke ∕ Patlac/(2011) Moreno ∕ Twilight/Anette Party feat. Anita Coke ∕ Patlac - (2011) Moreno ∕ Twilight - 01. Moreno.flac",streaminfo:78565949193044454555797184566058624675,recovery,accepted
"/Volumes/RECOVERY_TARGET/Root/FINAL_LIBRARY/Anja Schneider/(2014) Dubmission/Anja Schneider - (2014) Dubmission - 01. Dubmission.flac",streaminfo:119936386174404184637255627825347314412,recovery,accepted
"/Volumes/RECOVERY_TARGET/Root/FINAL_LIBRARY/Anja Schneider/(2017) All I See (Radio Edit)/Anja Schneider - (2017) All I See (Radio Edit) - 01. All I See (Radio Edit).flac",streaminfo:243431291319989705968626933368883983348,recovery,accepted
"/Volumes/RECOVERY_TARGET/Root/FINAL_LIBRARY/Ann Lee/(2007) 2 Times (The Purple Mixes)/Ann Lee - (2007) 2 Times (The Purple Mixes) - 01. 2 Times (F & A Factor. Funky Spice remix).flac",streaminfo:151454585306744838869879273776464661048,recovery,accepted
"/Volumes/RECOVERY_TARGET/Root/FINAL_LIBRARY/Annural Khalid & Toshi/(2023) Love Again/Annural Khalid & Toshi - (2023) Love Again - 01. Love Again.flac",streaminfo:317373833579583323976987381364754961619,recovery,accepted
"/Volumes/RECOVERY_TARGET/Root/FINAL_LIBRARY/Aya Matsuura/(2022) Addicted/Aya Matsuura - (2022) Addicted - 01. Addicted.flac",streaminfo:313246016235808123599373099583321965789,recovery,accepted
"/Volumes/RECOVERY_TARGET/Root/FINAL_LIBRARY/BADBADNOTGOOD & Little Dragon/(2018) Tried/BADBADNOTGOOD & Little Dragon - (2018) Tried - 01. Tried.flac",streaminfo:194776889146436098757599803717186170876,recovery,accepted
"/Volumes/RECOVERY_TARGET/Root/FINAL_LIBRARY/BC Camplight/(2025) A Sober Conversation/BC Camplight - (2025) A Sober Conversation - 05. Where You Taking My Baby?.flac",streaminfo:119176998834190328245469936052312424660,recovery,accepted
"/Volumes/RECOVERY_TARGET/Root/FINAL_LIBRARY/Bad Business Club/(2019) Letters from Phnom Penh/Bad Business Club - (2019) Letters from Phnom Penh - 02. Letters from Phnom Penh (Dub Version).flac",streaminfo:84288217985441480895824728928399968141,recovery,accepted
"/Volumes/RECOVERY_TARGET/Root/FINAL_LIBRARY/Bicep/(2020) Atlas/Bicep - (2020) Atlas - 01. Atlas.flac",streaminfo:162996780022084012378828923877293101669,recovery,accepted
"/Volumes/RECOVERY_TARGET/Root/FINAL_LIBRARY/Bill Callahan & Bonnie ""Prince"" Billy ∕ Johnnie Frierson/(2021) Miracles (single)/Bill Callahan & Bonnie ""Prince"" Billy ∕ Johnnie Frierson - (2021) Miracles (single) - 02. Miracles.flac",streaminfo:15066004677025685587708495431488154552,recovery,accepted
"/Volumes/RECOVERY_TARGET/Root/FINAL_LIBRARY/Body Count & David Gilmour/(2024) Comfortably Numb/Body Count & David Gilmour - (2024) Comfortably Numb - 01. Comfortably Numb.flac",streaminfo:60239283649059215789193520670980591098,recovery,accepted
"/Volumes/RECOVERY_TARGET/Root/FINAL_LIBRARY/Bon Iver/(2020) Blood Bank/Bon Iver - (2020) Blood Bank - 04. Woods.flac",streaminfo:271195698923039609238249497637813943331,recovery,accepted
"/Volumes/RECOVERY_TARGET/Root/FINAL_LIBRARY/Bonobo & TEED/(2020) Heartbreak ∕ 6000 Ft/Bonobo & TEED - (2020) Heartbreak ∕ 6000 Ft - 02. 6000 Ft.flac",streaminfo:192116932378703730599039201726149794381,recovery,accepted
"/Volumes/RECOVERY_TARGET/Root/FINAL_LIBRARY/Burial + Four Tet/(2022) Nova∕Moth/Burial + Four Tet - (2022) Nova∕Moth - 02. Moth.flac",streaminfo:302985820399318616507184948754357194943,recovery,accepted
"/Volumes/RECOVERY_TARGET/Root/FINAL_LIBRARY/CHANEY & Candi Staton/(2024) Lose My Number/CHANEY & Candi Staton - (2024) Lose My Number - 01. Lose My Number.flac",streaminfo:205885726772376207000955744257477793384,recovery,accepted
"/Volumes/RECOVERY_TARGET/Root/FINAL_LIBRARY/Cassius/(2016) Au Rêve/Cassius - (2016) Au Rêve - 17. The Sound of Violence (Cosmo Vitelli remix).flac",streaminfo:266624851781531633135802751059728563183,recovery,accepted
"/Volumes/RECOVERY_TARGET/Root/FINAL_LIBRARY/Chloé Caillet/(2024) Here To Make You Smiile/Chloé Caillet - (2024) Here To Make You Smiile - 04. Everybody.flac",streaminfo:262377224039025585551812298488527206914,recovery,accepted
"/Volumes/RECOVERY_TARGET/Root/FINAL_LIBRARY/Clark/(1998) DJ-Kicks꞉ Carl Craig/Clark - (1998) DJ-Kicks꞉ Carl Craig - 05. Jak to Basics.flac",streaminfo:171382550891301049597545249055866037853,recovery,accepted
"/Volumes/RECOVERY_TARGET/Root/FINAL_LIBRARY/Clio & Kay/(2022) Singles Collection/Clio & Kay - (2022) Singles Collection - 03. I Like To Party (Prod. by Roberto Ferrante - 2022 Remaster).flac",streaminfo:87574808725472887054481623786499787263,recovery,accepted
"/Volumes/RECOVERY_TARGET/Root/FINAL_LIBRARY/Clio & Kay/(2022) Singles Collection/Clio & Kay - (2022) Singles Collection - 05. Move Your Body (Prod. by Roberto Ferrante - 2022 Remaster).flac",streaminfo:41744331317471365207345335930192887783,recovery,accepted
"/Volumes/RECOVERY_TARGET/Root/FINAL_LIBRARY/Clio & Kay/(2022) Singles Collection/Clio & Kay - (2022) Singles Collection - 06. Let's Go Back (Prod. by Roberto Ferrante - 2022 Remaster).flac",streaminfo:66837531064648704495113242296518512392,recovery,accepted
"/Volumes/RECOVERY_TARGET/Root/FINAL_LIBRARY/Coxinella/(2022) Gnawatronica EP/Coxinella - (2022) Gnawatronica EP - 01. Gnawatronica.flac",streaminfo:2067840590160858465863371605982605208,recovery,accepted
"/Volumes/RECOVERY_TARGET/Root/FINAL_LIBRARY/Coxinella/(2022) Gnawatronica EP/Coxinella - (2022) Gnawatronica EP - 02. Boulila.flac",streaminfo:188606353007619752082664749684401521653,recovery,accepted
"/Volumes/RECOVERY_TARGET/Root/FINAL_LIBRARY/Crazy P/(2012) Live in London 2012/Crazy P - (2012) Live in London 2012 - 01. Open for Service - Live.flac",streaminfo:262278635525686055349349972183200526836,recovery,accepted
"/Volumes/RECOVERY_TARGET/Root/FINAL_LIBRARY/Crazy P/(2012) Live in London 2012/Crazy P - (2012) Live in London 2012 - 09. Future Beat - Live.flac",streaminfo:123280221506865714523164373833664320617,recovery,accepted
"/Volumes/RECOVERY_TARGET/Root/FINAL_LIBRARY/DJ Koze/(2025) Music Can Hear Us/DJ Koze - (2025) Music Can Hear Us - 13. Buschtaxi.flac",streaminfo:120316915129912567232159746580846190434,recovery,accepted
"/Volumes/RECOVERY_TARGET/Root/FINAL_LIBRARY/David August/(2016) J.B.Y. ∕ Ouvert/David August - (2016) J.B.Y. ∕ Ouvert - 01. J.B.Y.flac",streaminfo:268354142329817615085728703630041215800,recovery,accepted
"/Volumes/RECOVERY_TARGET/Root/FINAL_LIBRARY/David August/(2016) The Spell/David August - (2016) The Spell - 01. The Spell.flac",streaminfo:277442120768608445561086943733670851265,recovery,accepted
"/Volumes/RECOVERY_TARGET/Root/FINAL_LIBRARY/David August/(2016) The Spell/David August - (2016) The Spell - 02. A Golden Rush.flac",streaminfo:241738020961134178129902942337848723694,recovery,accepted
"/Volumes/RECOVERY_TARGET/Root/FINAL_LIBRARY/Deep Purple/(2024) Smoke on the Water (2024 remix)/Deep Purple - (2024) Smoke on the Water (2024 remix) - 01. Smoke on the Water (2024 remix).flac",streaminfo:241025147020397769854717144370068949159,recovery,accepted
"/Volumes/RECOVERY_TARGET/Root/FINAL_LIBRARY/Disclosure/(2020) Expressing What Matters (single)/Disclosure - (2020) Expressing What Matters (single) - 01. Expressing What Matters.flac",streaminfo:113686645847198807107549558430359208117,recovery,accepted
"/Volumes/RECOVERY_TARGET/Root/FINAL_LIBRARY/Disclosure/(2021) Big Tree Energy/Disclosure - (2021) Big Tree Energy - 03. My High (edit).flac",streaminfo:63142521220287938330706854738496786702,recovery,accepted
"/Volumes/RECOVERY_TARGET/Root/FINAL_LIBRARY/Disclosure/(2021) Big Tree Energy/Disclosure - (2021) Big Tree Energy - 05. Lavender.flac",streaminfo:38039593189570701854716495604414707530,recovery,accepted
"/Volumes/RECOVERY_TARGET/Root/FINAL_LIBRARY/Disclosure/(2021) Record Bag EP/Disclosure - (2021) Record Bag EP - 01. Feel Like I Do.flac",streaminfo:272470399127355202798512413602973291095,recovery,accepted
"/Volumes/RECOVERY_TARGET/Root/FINAL_LIBRARY/Ela Minus/(2025) DÍA/Ela Minus - (2025) DÍA - 10. COMBAT.flac",streaminfo:269441343337615076062555440209675658764,recovery,accepted
"/Volumes/RECOVERY_TARGET/Root/FINAL_LIBRARY/Ernesto Targa/(1997) Burnin'/Ernesto Targa - (1997) Burnin' - 02. Il fuoco (Italian edit).flac",streaminfo:260553933688399133579405112232721860180,recovery,accepted
"/Volumes/RECOVERY_TARGET/Root/FINAL_LIBRARY/Fiona Apple/(2025) Pretrial (Let Her Go Home)/Fiona Apple - (2025) Pretrial (Let Her Go Home) - 01. Pretrial (Let Her Go Home).flac",streaminfo:169362181295334789597259287763712542116,recovery,accepted
"/Volumes/RECOVERY_TARGET/Root/FINAL_LIBRARY/France Gall/(2024) Plus haut/France Gall - (2024) Plus haut - 25. Hong-Kong star (Remastérisé en 2004).flac",streaminfo:332014359307364410927582553440052770821,recovery,accepted
"/Volumes/RECOVERY_TARGET/Root/FINAL_LIBRARY/G.O.D. Pt. III & Twiz the Beat Pro feat. Killer Ben/(2019) Quarantine/G.O.D. Pt. III & Twiz the Beat Pro feat. Killer Ben - (2019) Quarantine - 12. Truth or Dare.flac",streaminfo:43351128835825140633935769731550447531,recovery,accepted
"/Volumes/RECOVERY_TARGET/Root/FINAL_LIBRARY/G.O.D. Pt. III & Twiz the Beat Pro feat. Prodigal Sunn & Born Divine/(2019) Quarantine/G.O.D. Pt. III & Twiz the Beat Pro feat. Prodigal Sunn & Born Divine - (2019) Quarantine - 08. Glass House.flac",streaminfo:253287035567106809272401848713839824455,recovery,accepted
"/Volumes/RECOVERY_TARGET/Root/FINAL_LIBRARY/GW Harrison/(2020) Hear My Soul/GW Harrison - (2020) Hear My Soul - 01. Hear My Soul.flac",streaminfo:223522452919997920998697353152229301325,recovery,accepted
"/Volumes/RECOVERY_TARGET/Root/FINAL_LIBRARY/Gene Dunlap featuring The Ridgeways/(1981) It's Just The Way I Feel/Gene Dunlap featuring The Ridgeways - (1981) It's Just The Way I Feel - 06. It's Just The Way I Feel.flac",streaminfo:86610526353153634108235831883419628561,recovery,accepted
"/Volumes/RECOVERY_TARGET/Root/FINAL_LIBRARY/Harlem Zip Code/(2003) Penultimate (single)/Harlem Zip Code - (2003) Penultimate (single) - 01. Fling Up Your Wig (extended).flac",streaminfo:83274904481526699950759081919426859136,recovery,accepted
"/Volumes/RECOVERY_TARGET/Root/FINAL_LIBRARY/Hot Chip/(2012) How Do You Do?/Hot Chip - (2012) How Do You Do? - 02. How Do You Do? (Todd Terje remix).flac",streaminfo:207433325030354276038939506396937930916,recovery,accepted
"/Volumes/RECOVERY_TARGET/Root/FINAL_LIBRARY/Hot Chip/(2012) How Do You Do?/Hot Chip - (2012) How Do You Do? - 05. How Do You Do? (James Zabiela remix).flac",streaminfo:143463986202527441359698578380026437063,recovery,accepted
"/Volumes/RECOVERY_TARGET/Root/FINAL_LIBRARY/Joe Goddard feat. SLO/(2017) Ordinary Madness (RAC mix)/Joe Goddard feat. SLO - (2017) Ordinary Madness (RAC mix) - 03. Ordinary Madness (RAC mix) [dub].flac",streaminfo:222775225165196944411519211344503453637,recovery,accepted
"/Volumes/RECOVERY_TARGET/Root/FINAL_LIBRARY/Jon Cutler, E-man/(2017) Glitterbox Mixtape 002 (hosted by Melvo Baptiste)/Jon Cutler, E-man - (2017) Glitterbox Mixtape 002 (hosted by Melvo Baptiste) - 03. It's Yours (feat. E-Man) [Joey Negro Remix] [Mixed]__788f89cc.flac",streaminfo:250397347593094110997303339671249302481,recovery,accepted
"/Volumes/RECOVERY_TARGET/Root/FINAL_LIBRARY/Lovage/(2001) Nathaniel Merriweather Presents... Lovage꞉ Music to Make Love to Your Old Lady By/Lovage - (2001) Nathaniel Merriweather Presents... Lovage꞉ M__091785dc.flac",streaminfo:236933375669752464812864695281563754034,recovery,accepted
"/Volumes/RECOVERY_TARGET/Root/FINAL_LIBRARY/Melotron/(1999) Mörderwerk/Melotron - (1999) Mörderwerk - 03. Glühendes Spiel.flac",streaminfo:27198180105164297688860353318291528176,recovery,accepted
"/Volumes/RECOVERY_TARGET/Root/FINAL_LIBRARY/Moods, HIGH HØØPS/(2019) Comfortable/Moods, HIGH HØØPS - (2019) Comfortable - 02. Comfortable (Kraak & Smaak Hangmat Remix).flac",streaminfo:1155594118447888282662379335341304834,recovery,accepted
"/Volumes/RECOVERY_TARGET/Root/FINAL_LIBRARY/NewDad/(2024) Just Like Heaven (Live at BBC Maida Vale)/NewDad - (2024) Just Like Heaven (Live at BBC Maida Vale) - 01. Just Like Heaven (Live at BBC Maida Vale).flac",streaminfo:194766763124258565767986060792006208924,recovery,accepted
"/Volumes/RECOVERY_TARGET/Root/FINAL_LIBRARY/Nile Delta/(2010) Channel ∕ All This/Nile Delta - (2010) Channel ∕ All This - 01. Channel.flac",streaminfo:222129162891553348943573107818795514225,recovery,accepted
"/Volumes/RECOVERY_TARGET/Root/FINAL_LIBRARY/Patrice Bäumel/(2016) Speicher 89/Patrice Bäumel - (2016) Speicher 89 - 02. Surge.flac",streaminfo:50844174205065697668071554879944599008,recovery,accepted
"/Volumes/RECOVERY_TARGET/Root/FINAL_LIBRARY/Patrick Wolf/(2007) The Magic Position/Patrick Wolf - (2007) The Magic Position - 02. On Sussex Downs.flac",streaminfo:83403841053383174363600041624111055199,recovery,accepted
"/Volumes/RECOVERY_TARGET/Root/FINAL_LIBRARY/Peter Thomas/(1998) Kriminalfilmmusik/Peter Thomas - (1998) Kriminalfilmmusik - 20. Smoothly Organ ∕ Traitor's Growl.flac",streaminfo:301125177232761356005711054273678402611,recovery,accepted
"/Volumes/RECOVERY_TARGET/Root/FINAL_LIBRARY/Pretty Pink/(2020) Suvi/Pretty Pink - (2020) Suvi - 01. Suvi.flac",streaminfo:150848124397868878049985836321999800971,recovery,accepted
"/Volumes/RECOVERY_TARGET/Root/FINAL_LIBRARY/Prospa & Skream/(2024) Skream b2b Prospa at Circoloco in New York, Halloween 2024/Prospa & Skream - (2024) Skream b2b Prospa at Circoloco in New York, Halloween 2024 - 20. Bass Up to the Top.flac",streaminfo:39052302285611216814865382739452821499,recovery,accepted
"/Volumes/RECOVERY_TARGET/Root/FINAL_LIBRARY/R.E.M/(2021) New Adventures in Hi‐Fi/R.E.M - (2021) New Adventures in Hi‐Fi - 08. Bittersweet Me.flac",streaminfo:1941900592838008310532181682811023406,recovery,accepted
"/Volumes/RECOVERY_TARGET/Root/FINAL_LIBRARY/R.E.M/(2021) New Adventures in Hi‐Fi/R.E.M - (2021) New Adventures in Hi‐Fi - 10. Binky the Doormat.flac",streaminfo:175025581005284710514262696753066430197,recovery,accepted
"/Volumes/RECOVERY_TARGET/Root/FINAL_LIBRARY/R.E.M/(2021) New Adventures in Hi‐Fi/R.E.M - (2021) New Adventures in Hi‐Fi - 13. Low Desert.flac",streaminfo:99331006730785900930298837007028534115,recovery,accepted
"/Volumes/RECOVERY_TARGET/Root/FINAL_LIBRARY/Red Hot Chili Peppers/(2014) The Studio Album Collection 1991–2011/Red Hot Chili Peppers - (2014) The Studio Album Collection 1991–2011 - 17. They’re Red Hot.flac",streaminfo:158351859903299475040599171580138887563,recovery,accepted
"/Volumes/RECOVERY_TARGET/Root/FINAL_LIBRARY/Rikas/(2020) Overthinking/Rikas - (2020) Overthinking - 01. Overthinking.flac",streaminfo:114800012896677364010153339214994540047,recovery,accepted
"/Volumes/RECOVERY_TARGET/Root/FINAL_LIBRARY/Rinky Dinky/(2021) Bake A Cake/Rinky Dinky - (2021) Bake A Cake - 01. Bake A Cake.flac",streaminfo:29725019848712179898565958995597063480,recovery,accepted
"/Volumes/RECOVERY_TARGET/Root/FINAL_LIBRARY/Rocco Raimundo/(2012) On the Rocks/Rocco Raimundo - (2012) On the Rocks - 01. Keep on Keepin On.flac",streaminfo:25081760230394345317538270013950704339,recovery,accepted
"/Volumes/RECOVERY_TARGET/Root/FINAL_LIBRARY/Saint Levant/(2025) Love Letters ∕ رسائل حب/Saint Levant - (2025) Love Letters ∕ رسائل حب - 01. DALOONA ∕ دلعونة.flac",streaminfo:142094372479764695960195410878781693374,recovery,accepted
"/Volumes/RECOVERY_TARGET/Root/FINAL_LIBRARY/Saint Levant/(2025) Love Letters ∕ رسائل حب/Saint Levant - (2025) Love Letters ∕ رسائل حب - 06. EXILE ∕ معاكي.flac",streaminfo:98501015376562288015908402544290798395,recovery,accepted
"/Volumes/RECOVERY_TARGET/Root/FINAL_LIBRARY/Shawn Christopher/(0008) Glitterbox Radio Episode 005 (presented by Melvo Baptiste)/Shawn Christopher - (0008) Glitterbox Radio Episode 005 (presented by Melvo Baptiste) - 11. You Can Make It (B's Preacher-Man Mix) [Mixed]__b31314e4.flac",streaminfo:144284402344834669318983285999085952563,recovery,accepted
"/Volumes/RECOVERY_TARGET/Root/FINAL_LIBRARY/Shygirl/(2025) Room 2 RMX EP/Shygirl - (2025) Room 2 RMX EP - 01. Je M'appelle.flac",streaminfo:327490791298085366861661348376427676816,recovery,accepted
"/Volumes/RECOVERY_TARGET/Root/FINAL_LIBRARY/Soundtrack/(1994) Quarantine/Soundtrack - (1994) Quarantine - 01. [data track].flac",streaminfo:269638842714052838161149510056493139240,recovery,accepted
"/Volumes/RECOVERY_TARGET/Root/FINAL_LIBRARY/Soundtrack/(1994) Quarantine/Soundtrack - (1994) Quarantine - 09. Weak Will.flac",streaminfo:117047408247547932637220385321890992436,recovery,accepted
"/Volumes/RECOVERY_TARGET/Root/FINAL_LIBRARY/Soundtrack/(1994) Quarantine/Soundtrack - (1994) Quarantine - 12. Now You Know.flac",streaminfo:38039593189570701854716495604414707530,recovery,accepted
"/Volumes/RECOVERY_TARGET/Root/FINAL_LIBRARY/Sunny & the Sunliners/(2018) The One Who's Hurting Is You b∕w Should I Take You Home/Sunny & the Sunliners - (2018) The One Who's Hurting Is You __dba8b048.flac",streaminfo:293921212860245798445870162629265935157,recovery,accepted
"/Volumes/RECOVERY_TARGET/Root/FINAL_LIBRARY/Talking Flowers/(2023) Storytelling (single)/Talking Flowers - (2023) Storytelling (single) - 01. Storytelling.flac",streaminfo:120631259428665762451085617070831258476,recovery,accepted
"/Volumes/RECOVERY_TARGET/Root/FINAL_LIBRARY/The Octagon Man/(1998) DJ-Kicks꞉ Carl Craig/The Octagon Man - (1998) DJ-Kicks꞉ Carl Craig - 02. Teasing the Dragon's Tail.flac",streaminfo:42838499844536221203292911476621228466,recovery,accepted
"/Volumes/RECOVERY_TARGET/Root/FINAL_LIBRARY/The Shapeshifters, Kimberly Davis/(0008) Glitterbox Radio Episode 005 (presented by Melvo Baptiste)/The Shapeshifters, Kimberly Davis - (0008) Glitterbox Radio Episode 005 (presented by Melvo Baptiste) - 02. Life Is A Dancefloor (feat. Kimberly Davis) __d556aae2.flac",streaminfo:75827657502524108293361300190564778224,recovery,accepted
"/Volumes/RECOVERY_TARGET/Root/FINAL_LIBRARY/The xx/(2013) Fiction (single)/The xx - (2013) Fiction (single) - 04. Fiction (Maya Jane Coles remix).flac",streaminfo:332407829511840443496917795916421497977,recovery,accepted
"/Volumes/RECOVERY_TARGET/Root/FINAL_LIBRARY/The xx/(2013) Hivern Remixes/The xx - (2013) Hivern Remixes - 01. Fiction (Marc Piñol remix).flac",streaminfo:250915625282199906965171933012078463711,recovery,accepted
"/Volumes/RECOVERY_TARGET/Root/FINAL_LIBRARY/The xx/(2013) Innervisions Remixes/The xx - (2013) Innervisions Remixes - 02. Tides (Dixon remix).flac",streaminfo:156397127029552374748776954137411252849,recovery,accepted
"/Volumes/RECOVERY_TARGET/Root/FINAL_LIBRARY/The xx/(2018) Remixes/The xx - (2018) Remixes - 02. Chained (John Talabot and Pional Blinded remix).flac",streaminfo:198488226449851504018519776983042766639,recovery,accepted
"/Volumes/RECOVERY_TARGET/Root/FINAL_LIBRARY/The xx/(2022) Coexist/The xx - (2022) Coexist - 12. Angels (live).flac",streaminfo:145756551856476368123556866809669306561,recovery,accepted
"/Volumes/RECOVERY_TARGET/Root/FINAL_LIBRARY/Thieves/(2010) Don't Turn It Off Remixes/Thieves - (2010) Don't Turn It Off Remixes - 04. Don't Turn It Off (Greg Wilson instrumental edit).flac",streaminfo:161007399619836850156792813574688718879,recovery,accepted
"/Volumes/RECOVERY_TARGET/Root/FINAL_LIBRARY/Tommy Vicari Jnr/(2016) Pascià/Tommy Vicari Jnr - (2016) Pascià - 03. Pascià (Voodoo Effect Mix).flac",streaminfo:213909577025450937436753256832698495750,recovery,accepted
"/Volumes/RECOVERY_TARGET/Root/FINAL_LIBRARY/Tymon Balakirev ∕ The DJ Producer/(2011) Never Look Back ∕ The Difference Between/Tymon Balakirev ∕ The DJ Producer - (2011) Never Look Back ∕ The Difference Between - 01. Never Look Back.flac",streaminfo:250440803474453693666806614555069052011,recovery,accepted
"/Volumes/RECOVERY_TARGET/Root/FINAL_LIBRARY/Urban Blues Project, Jay Williams/(0007) Glitterbox Radio Episode 004 (presented by Melvo Baptiste)/Urban Blues Project, Jay Williams - (0007) Glitterbox Radio Episode 004 (presented by Melvo Baptiste) - 11. Testify (The U.B.P. Sunday Vocal) [Mixed]__1c8cbdb7.flac",streaminfo:176074791694400187579201577765306162758,recovery,accepted
"/Volumes/RECOVERY_TARGET/Root/FINAL_LIBRARY/Various Artists/(2006) Beneath the Surface/Various Artists - (2006) Beneath the Surface - 06. Catdinr42.flac",streaminfo:210812894873349855284753391206974586561,recovery,accepted
"/Volumes/RECOVERY_TARGET/Root/FINAL_LIBRARY/Various Artists/(2021) Brown Sugar Babe/Various Artists - (2021) Brown Sugar Babe - 15. Tadow.flac",streaminfo:265729189997183142966609937278906045859,recovery,accepted
"/Volumes/RECOVERY_TARGET/Root/FINAL_LIBRARY/Various Artists/(2023) Nova 40 ans de Grand Mix/Various Artists - (2023) Nova 40 ans de Grand Mix - 25. This Land Is Your Land.flac",streaminfo:307874359478099093838594241951671756364,recovery,accepted
"/Volumes/RECOVERY_TARGET/Root/FINAL_LIBRARY/Walk off the Earth/(2020) What's Love Got to Do with It/Walk off the Earth - (2020) What's Love Got to Do with It - 01. What's Love Got to Do with It.flac",streaminfo:116592588913044264563016058766106178685,recovery,accepted
"/Volumes/RECOVERY_TARGET/Root/FINAL_LIBRARY/Warda/(0000) East Queens/Warda - (0000) East Queens - 12. Hobby.flac",streaminfo:136565791955708209511696365246349401116,recovery,accepted
"/Volumes/RECOVERY_TARGET/Root/FINAL_LIBRARY/Wighnomy Brothers & Robag Wruhme/(2003) Poly-tikk/Wighnomy Brothers & Robag Wruhme - (2003) Poly-tikk - 02. Killerteppich.flac",streaminfo:264935006520710079277807782037520624996,recovery,accepted
"/Volumes/RECOVERY_TARGET/Root/FINAL_LIBRARY/Wild Nothing/(2010) Golden Haze/Wild Nothing - (2010) Golden Haze - 03. Take Me In.flac",streaminfo:229403802789105313602025007493717901625,recovery,accepted
"/Volumes/RECOVERY_TARGET/Root/FINAL_LIBRARY/Windwaker/(2021) Toxic/Windwaker - (2021) Toxic - 01. Toxic.flac",streaminfo:220205279136079476842787134208082171829,recovery,accepted
"/Volumes/RECOVERY_TARGET/Root/FINAL_LIBRARY/Wolfgang Gartner feat. Snow tha Product/(2017) Find a Way/Wolfgang Gartner feat. Snow tha Product - (2017) Find a Way - 01. Find a Way.flac",streaminfo:140844569503730425086633316441838404084,recovery,accepted
"/Volumes/RECOVERY_TARGET/Root/FINAL_LIBRARY/Yasmine Hamdan/(2014) Ya Nass Remixes Vol. 1/Yasmine Hamdan - (2014) Ya Nass Remixes Vol. 1 - 02. Nediya (skw3 Remix by E∆SY & C.O.U.).flac",streaminfo:185286411193152382031818749440018855912,recovery,accepted
"/Volumes/RECOVERY_TARGET/Root/FINAL_LIBRARY/[Unknown Artist]/(0000) [Unknown Album]/[Unknown Artist] - (0000) [Unknown Album] - 00. Future Disco - (2020) Future Disco꞉ Poolside Sounds 9 - 02. Contortions.fixed.flac",streaminfo:176045986353574808725738389660739566891,recovery,accepted
"/Volumes/RECOVERY_TARGET/Root/FINAL_LIBRARY/[Unknown Artist]/(0000) [Unknown Album]/[Unknown Artist] - (0000) [Unknown Album] - 00. Scoobert Doobert - (2020) Masks and Monsters - 12. Happy Birthday.fixed.flac",streaminfo:152273415989543314168856130456550597958,recovery,accepted
"/Volumes/RECOVERY_TARGET/Root/FINAL_LIBRARY/[Unknown Artist]/(0000) [Unknown Album]/[Unknown Artist] - (0000) [Unknown Album] - 00. Scoobert Doobert - (2021) Little Hug - 10. Don't Know Much.fixed.flac",streaminfo:137945232291620383829700383849228276417,recovery,accepted
"/Volumes/RECOVERY_TARGET/Root/FINAL_LIBRARY/[Unknown Artist]/(0000) [Unknown Album]/[Unknown Artist] - (0000) [Unknown Album] - 00. Scoobert Doobert - (2022) KŌAN - 11. More to Lose.salvage.flac",streaminfo:279233171620295174563223919852734399560,recovery,accepted
"/Volumes/RECOVERY_TARGET/Root/FINAL_LIBRARY/[Unknown Artist]/(0000) [Unknown Album]/[Unknown Artist] - (0000) [Unknown Album] - 00. Scoobert Doobert - (2022) KŌAN - 16. KODOMO MITAI.fixed.flac",streaminfo:189597413204583361202966696102291380747,recovery,accepted
"/Volumes/RECOVERY_TARGET/Root/FINAL_LIBRARY/[Unknown Artist]/(0000) [Unknown Album]/[Unknown Artist] - (0000) [Unknown Album] - 00. The xx - (2022) Coexist - 06. Sunset.fixed.flac",streaminfo:308953848037890132674433635600706522947,recovery,accepted
"/Volumes/RECOVERY_TARGET/Root/FINAL_LIBRARY/almost monday/(2022) sunburn/almost monday - (2022) sunburn - 01. sunburn.flac",streaminfo:320203299665918574929008441771999650118,recovery,accepted
"/Volumes/RECOVERY_TARGET/Root/FINAL_LIBRARY/andy butler & Kim Ann Foxman/(2010) Creature ∕ What You Need - EP/andy butler & Kim Ann Foxman - (2010) Creature ∕ What You Need - EP - 04. What You Need (James Curd Remix).flac",streaminfo:164101107696098902643845487900421771750,recovery,accepted
"/Volumes/RECOVERY_TARGET/Root/FINAL_LIBRARY/عمرو دياب/(2001) Aktar Wahed/عمرو دياب - (2001) Aktar Wahed - 01. Wala Ala Baloh.flac",streaminfo:202622675582973583164002310275575931632,recovery,accepted
